origin_date,location,target,horizon,target_end_date,output_type,output_type_id,value
2017-04-29,HHS Region 1,ili perc,1,2017-05-06,quantile,0.01,0.196463307751947
2017-04-29,HHS Region 1,ili perc,1,2017-05-06,quantile,0.025,0.196463307751947
2017-04-29,HHS Region 1,ili perc,1,2017-05-06,quantile,0.05,0.196463307751947
2017-04-29,HHS Region 1,ili perc,1,2017-05-06,quantile,0.1,0.288107853127017
2017-04-29,HHS Region 1,ili perc,1,2017-05-06,quantile,0.15,0.288107853127017
2017-04-29,HHS Region 1,ili perc,1,2017-05-06,quantile,0.2,0.518703
2017-04-29,HHS Region 1,ili perc,1,2017-05-06,quantile,0.25,0.525096072979085
2017-04-29,HHS Region 1,ili perc,1,2017-05-06,quantile,0.3,0.525096072979085
2017-04-29,HHS Region 1,ili perc,1,2017-05-06,quantile,0.35,0.544570689443685
2017-04-29,HHS Region 1,ili perc,1,2017-05-06,quantile,0.4,0.556419128100383
2017-04-29,HHS Region 1,ili perc,1,2017-05-06,quantile,0.45,0.556419128100383
2017-04-29,HHS Region 1,ili perc,1,2017-05-06,quantile,0.5,0.573971423346948
2017-04-29,HHS Region 1,ili perc,1,2017-05-06,quantile,0.55,0.592222
2017-04-29,HHS Region 1,ili perc,1,2017-05-06,quantile,0.6,0.592222
2017-04-29,HHS Region 1,ili perc,1,2017-05-06,quantile,0.65,0.805735
2017-04-29,HHS Region 1,ili perc,1,2017-05-06,quantile,0.7,1.01564
2017-04-29,HHS Region 1,ili perc,1,2017-05-06,quantile,0.75,1.01564
2017-04-29,HHS Region 1,ili perc,1,2017-05-06,quantile,0.8,1.05605
2017-04-29,HHS Region 1,ili perc,1,2017-05-06,quantile,0.85,1.25236
2017-04-29,HHS Region 1,ili perc,1,2017-05-06,quantile,0.9,1.25236
2017-04-29,HHS Region 1,ili perc,1,2017-05-06,quantile,0.95,1.46203757741818
2017-04-29,HHS Region 1,ili perc,1,2017-05-06,quantile,0.975,1.46203757741818
2017-04-29,HHS Region 1,ili perc,1,2017-05-06,quantile,0.99,1.46203757741818
2017-04-29,HHS Region 1,ili perc,2,2017-05-13,quantile,0.01,0.194602119589577
2017-04-29,HHS Region 1,ili perc,2,2017-05-13,quantile,0.025,0.194602119589577
2017-04-29,HHS Region 1,ili perc,2,2017-05-13,quantile,0.05,0.194602119589577
2017-04-29,HHS Region 1,ili perc,2,2017-05-13,quantile,0.1,0.256113255285865
2017-04-29,HHS Region 1,ili perc,2,2017-05-13,quantile,0.15,0.256113255285865
2017-04-29,HHS Region 1,ili perc,2,2017-05-13,quantile,0.2,0.381844940032214
2017-04-29,HHS Region 1,ili perc,2,2017-05-13,quantile,0.25,0.42793727726554
2017-04-29,HHS Region 1,ili perc,2,2017-05-13,quantile,0.3,0.42793727726554
2017-04-29,HHS Region 1,ili perc,2,2017-05-13,quantile,0.35,0.461101525652728
2017-04-29,HHS Region 1,ili perc,2,2017-05-13,quantile,0.4,0.515393
2017-04-29,HHS Region 1,ili perc,2,2017-05-13,quantile,0.45,0.515393
2017-04-29,HHS Region 1,ili perc,2,2017-05-13,quantile,0.5,0.555114816673958
2017-04-29,HHS Region 1,ili perc,2,2017-05-13,quantile,0.55,0.608604
2017-04-29,HHS Region 1,ili perc,2,2017-05-13,quantile,0.6,0.608604
2017-04-29,HHS Region 1,ili perc,2,2017-05-13,quantile,0.65,0.690938
2017-04-29,HHS Region 1,ili perc,2,2017-05-13,quantile,0.7,0.89892
2017-04-29,HHS Region 1,ili perc,2,2017-05-13,quantile,0.75,0.89892
2017-04-29,HHS Region 1,ili perc,2,2017-05-13,quantile,0.8,1.00593
2017-04-29,HHS Region 1,ili perc,2,2017-05-13,quantile,0.85,1.09738107247962
2017-04-29,HHS Region 1,ili perc,2,2017-05-13,quantile,0.9,1.09738107247962
2017-04-29,HHS Region 1,ili perc,2,2017-05-13,quantile,0.95,1.29032
2017-04-29,HHS Region 1,ili perc,2,2017-05-13,quantile,0.975,1.29032
2017-04-29,HHS Region 1,ili perc,2,2017-05-13,quantile,0.99,1.29032
2017-04-29,HHS Region 1,ili perc,3,2017-05-20,quantile,0.01,0.20928796386412
2017-04-29,HHS Region 1,ili perc,3,2017-05-20,quantile,0.025,0.20928796386412
2017-04-29,HHS Region 1,ili perc,3,2017-05-20,quantile,0.05,0.20928796386412
2017-04-29,HHS Region 1,ili perc,3,2017-05-20,quantile,0.1,0.255416735037201
2017-04-29,HHS Region 1,ili perc,3,2017-05-20,quantile,0.15,0.282221536428319
2017-04-29,HHS Region 1,ili perc,3,2017-05-20,quantile,0.2,0.282221536428319
2017-04-29,HHS Region 1,ili perc,3,2017-05-20,quantile,0.25,0.3054113112229
2017-04-29,HHS Region 1,ili perc,3,2017-05-20,quantile,0.3,0.3054113112229
2017-04-29,HHS Region 1,ili perc,3,2017-05-20,quantile,0.35,0.346685384672156
2017-04-29,HHS Region 1,ili perc,3,2017-05-20,quantile,0.4,0.440723648885978
2017-04-29,HHS Region 1,ili perc,3,2017-05-20,quantile,0.45,0.440723648885978
2017-04-29,HHS Region 1,ili perc,3,2017-05-20,quantile,0.5,0.498389
2017-04-29,HHS Region 1,ili perc,3,2017-05-20,quantile,0.55,0.498389
2017-04-29,HHS Region 1,ili perc,3,2017-05-20,quantile,0.6,0.499494
2017-04-29,HHS Region 1,ili perc,3,2017-05-20,quantile,0.65,0.623383
2017-04-29,HHS Region 1,ili perc,3,2017-05-20,quantile,0.7,0.623383
2017-04-29,HHS Region 1,ili perc,3,2017-05-20,quantile,0.75,0.780414
2017-04-29,HHS Region 1,ili perc,3,2017-05-20,quantile,0.8,0.895756
2017-04-29,HHS Region 1,ili perc,3,2017-05-20,quantile,0.85,0.895756
2017-04-29,HHS Region 1,ili perc,3,2017-05-20,quantile,0.9,1.0337
2017-04-29,HHS Region 1,ili perc,3,2017-05-20,quantile,0.95,1.22785717576359
2017-04-29,HHS Region 1,ili perc,3,2017-05-20,quantile,0.975,1.22785717576359
2017-04-29,HHS Region 1,ili perc,3,2017-05-20,quantile,0.99,1.22785717576359
2017-04-29,HHS Region 1,ili perc,4,2017-05-27,quantile,0.01,0.202560820410781
2017-04-29,HHS Region 1,ili perc,4,2017-05-27,quantile,0.025,0.202560820410781
2017-04-29,HHS Region 1,ili perc,4,2017-05-27,quantile,0.05,0.202560820410781
2017-04-29,HHS Region 1,ili perc,4,2017-05-27,quantile,0.1,0.270333871367043
2017-04-29,HHS Region 1,ili perc,4,2017-05-27,quantile,0.15,0.270333871367043
2017-04-29,HHS Region 1,ili perc,4,2017-05-27,quantile,0.2,0.332538048954178
2017-04-29,HHS Region 1,ili perc,4,2017-05-27,quantile,0.25,0.339427189264269
2017-04-29,HHS Region 1,ili perc,4,2017-05-27,quantile,0.3,0.339427189264269
2017-04-29,HHS Region 1,ili perc,4,2017-05-27,quantile,0.35,0.384382125356182
2017-04-29,HHS Region 1,ili perc,4,2017-05-27,quantile,0.4,0.498855362929491
2017-04-29,HHS Region 1,ili perc,4,2017-05-27,quantile,0.45,0.498855362929491
2017-04-29,HHS Region 1,ili perc,4,2017-05-27,quantile,0.5,0.513504
2017-04-29,HHS Region 1,ili perc,4,2017-05-27,quantile,0.55,0.513504
2017-04-29,HHS Region 1,ili perc,4,2017-05-27,quantile,0.6,0.555332
2017-04-29,HHS Region 1,ili perc,4,2017-05-27,quantile,0.65,0.555332
2017-04-29,HHS Region 1,ili perc,4,2017-05-27,quantile,0.7,0.580681
2017-04-29,HHS Region 1,ili perc,4,2017-05-27,quantile,0.75,0.595752
2017-04-29,HHS Region 1,ili perc,4,2017-05-27,quantile,0.8,0.648152321664424
2017-04-29,HHS Region 1,ili perc,4,2017-05-27,quantile,0.85,0.648152321664424
2017-04-29,HHS Region 1,ili perc,4,2017-05-27,quantile,0.9,0.795374
2017-04-29,HHS Region 1,ili perc,4,2017-05-27,quantile,0.95,0.845762
2017-04-29,HHS Region 1,ili perc,4,2017-05-27,quantile,0.975,0.845762
2017-04-29,HHS Region 1,ili perc,4,2017-05-27,quantile,0.99,0.845762
2017-04-29,HHS Region 10,ili perc,1,2017-05-06,quantile,0.01,0.43933
2017-04-29,HHS Region 10,ili perc,1,2017-05-06,quantile,0.025,0.43933
2017-04-29,HHS Region 10,ili perc,1,2017-05-06,quantile,0.05,0.43933
2017-04-29,HHS Region 10,ili perc,1,2017-05-06,quantile,0.1,0.470392597807412
2017-04-29,HHS Region 10,ili perc,1,2017-05-06,quantile,0.15,0.470392597807412
2017-04-29,HHS Region 10,ili perc,1,2017-05-06,quantile,0.2,0.495933130376265
2017-04-29,HHS Region 10,ili perc,1,2017-05-06,quantile,0.25,0.499543145913162
2017-04-29,HHS Region 10,ili perc,1,2017-05-06,quantile,0.3,0.499543145913162
2017-04-29,HHS Region 10,ili perc,1,2017-05-06,quantile,0.35,0.515472
2017-04-29,HHS Region 10,ili perc,1,2017-05-06,quantile,0.4,0.574367038888528
2017-04-29,HHS Region 10,ili perc,1,2017-05-06,quantile,0.45,0.574367038888528
2017-04-29,HHS Region 10,ili perc,1,2017-05-06,quantile,0.5,0.825758
2017-04-29,HHS Region 10,ili perc,1,2017-05-06,quantile,0.55,0.891192
2017-04-29,HHS Region 10,ili perc,1,2017-05-06,quantile,0.6,0.891192
2017-04-29,HHS Region 10,ili perc,1,2017-05-06,quantile,0.65,0.940669
2017-04-29,HHS Region 10,ili perc,1,2017-05-06,quantile,0.7,1.44907
2017-04-29,HHS Region 10,ili perc,1,2017-05-06,quantile,0.75,1.44907
2017-04-29,HHS Region 10,ili perc,1,2017-05-06,quantile,0.8,1.67567582388543
2017-04-29,HHS Region 10,ili perc,1,2017-05-06,quantile,0.85,2.19532605303555
2017-04-29,HHS Region 10,ili perc,1,2017-05-06,quantile,0.9,2.19532605303555
2017-04-29,HHS Region 10,ili perc,1,2017-05-06,quantile,0.95,3.04441891405775
2017-04-29,HHS Region 10,ili perc,1,2017-05-06,quantile,0.975,3.04441891405775
2017-04-29,HHS Region 10,ili perc,1,2017-05-06,quantile,0.99,3.04441891405775
2017-04-29,HHS Region 10,ili perc,2,2017-05-13,quantile,0.01,0.209236
2017-04-29,HHS Region 10,ili perc,2,2017-05-13,quantile,0.025,0.209236
2017-04-29,HHS Region 10,ili perc,2,2017-05-13,quantile,0.05,0.209236
2017-04-29,HHS Region 10,ili perc,2,2017-05-13,quantile,0.1,0.505705031206541
2017-04-29,HHS Region 10,ili perc,2,2017-05-13,quantile,0.15,0.517633821524414
2017-04-29,HHS Region 10,ili perc,2,2017-05-13,quantile,0.2,0.517633821524414
2017-04-29,HHS Region 10,ili perc,2,2017-05-13,quantile,0.25,0.528082
2017-04-29,HHS Region 10,ili perc,2,2017-05-13,quantile,0.3,0.528082
2017-04-29,HHS Region 10,ili perc,2,2017-05-13,quantile,0.35,0.529396
2017-04-29,HHS Region 10,ili perc,2,2017-05-13,quantile,0.4,0.753909
2017-04-29,HHS Region 10,ili perc,2,2017-05-13,quantile,0.45,0.753909
2017-04-29,HHS Region 10,ili perc,2,2017-05-13,quantile,0.5,0.779229
2017-04-29,HHS Region 10,ili perc,2,2017-05-13,quantile,0.55,0.988978754983881
2017-04-29,HHS Region 10,ili perc,2,2017-05-13,quantile,0.6,0.988978754983881
2017-04-29,HHS Region 10,ili perc,2,2017-05-13,quantile,0.65,1.0040191505894
2017-04-29,HHS Region 10,ili perc,2,2017-05-13,quantile,0.7,1.12645
2017-04-29,HHS Region 10,ili perc,2,2017-05-13,quantile,0.75,1.12645
2017-04-29,HHS Region 10,ili perc,2,2017-05-13,quantile,0.8,1.16706692869421
2017-04-29,HHS Region 10,ili perc,2,2017-05-13,quantile,0.85,1.69679857095356
2017-04-29,HHS Region 10,ili perc,2,2017-05-13,quantile,0.9,1.69679857095356
2017-04-29,HHS Region 10,ili perc,2,2017-05-13,quantile,0.95,3.80394527600517
2017-04-29,HHS Region 10,ili perc,2,2017-05-13,quantile,0.975,3.80394527600517
2017-04-29,HHS Region 10,ili perc,2,2017-05-13,quantile,0.99,3.80394527600517
2017-04-29,HHS Region 10,ili perc,3,2017-05-20,quantile,0.01,0.316906
2017-04-29,HHS Region 10,ili perc,3,2017-05-20,quantile,0.025,0.316906
2017-04-29,HHS Region 10,ili perc,3,2017-05-20,quantile,0.05,0.316906
2017-04-29,HHS Region 10,ili perc,3,2017-05-20,quantile,0.1,0.397640303820458
2017-04-29,HHS Region 10,ili perc,3,2017-05-20,quantile,0.15,0.491738736827775
2017-04-29,HHS Region 10,ili perc,3,2017-05-20,quantile,0.2,0.491738736827775
2017-04-29,HHS Region 10,ili perc,3,2017-05-20,quantile,0.25,0.530742
2017-04-29,HHS Region 10,ili perc,3,2017-05-20,quantile,0.3,0.643924
2017-04-29,HHS Region 10,ili perc,3,2017-05-20,quantile,0.35,0.643924
2017-04-29,HHS Region 10,ili perc,3,2017-05-20,quantile,0.4,0.646007576043122
2017-04-29,HHS Region 10,ili perc,3,2017-05-20,quantile,0.45,0.646007576043122
2017-04-29,HHS Region 10,ili perc,3,2017-05-20,quantile,0.5,0.700294
2017-04-29,HHS Region 10,ili perc,3,2017-05-20,quantile,0.55,0.732529994949589
2017-04-29,HHS Region 10,ili perc,3,2017-05-20,quantile,0.6,0.732529994949589
2017-04-29,HHS Region 10,ili perc,3,2017-05-20,quantile,0.65,0.772772972404239
2017-04-29,HHS Region 10,ili perc,3,2017-05-20,quantile,0.7,0.824355
2017-04-29,HHS Region 10,ili perc,3,2017-05-20,quantile,0.75,0.824355
2017-04-29,HHS Region 10,ili perc,3,2017-05-20,quantile,0.8,0.940368
2017-04-29,HHS Region 10,ili perc,3,2017-05-20,quantile,0.85,1.23553474530562
2017-04-29,HHS Region 10,ili perc,3,2017-05-20,quantile,0.9,1.23553474530562
2017-04-29,HHS Region 10,ili perc,3,2017-05-20,quantile,0.95,2.50525499944389
2017-04-29,HHS Region 10,ili perc,3,2017-05-20,quantile,0.975,2.50525499944389
2017-04-29,HHS Region 10,ili perc,3,2017-05-20,quantile,0.99,2.50525499944389
2017-04-29,HHS Region 10,ili perc,4,2017-05-27,quantile,0.01,0.201718
2017-04-29,HHS Region 10,ili perc,4,2017-05-27,quantile,0.025,0.201718
2017-04-29,HHS Region 10,ili perc,4,2017-05-27,quantile,0.05,0.201718
2017-04-29,HHS Region 10,ili perc,4,2017-05-27,quantile,0.1,0.220064175291822
2017-04-29,HHS Region 10,ili perc,4,2017-05-27,quantile,0.15,0.301519
2017-04-29,HHS Region 10,ili perc,4,2017-05-27,quantile,0.2,0.301519
2017-04-29,HHS Region 10,ili perc,4,2017-05-27,quantile,0.25,0.441589390284057
2017-04-29,HHS Region 10,ili perc,4,2017-05-27,quantile,0.3,0.441589390284057
2017-04-29,HHS Region 10,ili perc,4,2017-05-27,quantile,0.35,0.516304
2017-04-29,HHS Region 10,ili perc,4,2017-05-27,quantile,0.4,0.578593
2017-04-29,HHS Region 10,ili perc,4,2017-05-27,quantile,0.45,0.578593
2017-04-29,HHS Region 10,ili perc,4,2017-05-27,quantile,0.5,0.610391
2017-04-29,HHS Region 10,ili perc,4,2017-05-27,quantile,0.55,0.680635
2017-04-29,HHS Region 10,ili perc,4,2017-05-27,quantile,0.6,0.680635
2017-04-29,HHS Region 10,ili perc,4,2017-05-27,quantile,0.65,0.86345821834038206
2017-04-29,HHS Region 10,ili perc,4,2017-05-27,quantile,0.7,0.86345821834038206
2017-04-29,HHS Region 10,ili perc,4,2017-05-27,quantile,0.75,0.8957035754242
2017-04-29,HHS Region 10,ili perc,4,2017-05-27,quantile,0.8,0.949289450910171
2017-04-29,HHS Region 10,ili perc,4,2017-05-27,quantile,0.85,0.949289450910171
2017-04-29,HHS Region 10,ili perc,4,2017-05-27,quantile,0.9,1.20602705140751
2017-04-29,HHS Region 10,ili perc,4,2017-05-27,quantile,0.95,3.18243456882086
2017-04-29,HHS Region 10,ili perc,4,2017-05-27,quantile,0.975,3.18243456882086
2017-04-29,HHS Region 10,ili perc,4,2017-05-27,quantile,0.99,3.18243456882086
2017-04-29,HHS Region 2,ili perc,1,2017-05-06,quantile,0.01,0.793413713035669
2017-04-29,HHS Region 2,ili perc,1,2017-05-06,quantile,0.025,0.793413713035669
2017-04-29,HHS Region 2,ili perc,1,2017-05-06,quantile,0.05,0.793413713035669
2017-04-29,HHS Region 2,ili perc,1,2017-05-06,quantile,0.1,0.847264699648953
2017-04-29,HHS Region 2,ili perc,1,2017-05-06,quantile,0.15,0.847264699648953
2017-04-29,HHS Region 2,ili perc,1,2017-05-06,quantile,0.2,0.995739
2017-04-29,HHS Region 2,ili perc,1,2017-05-06,quantile,0.25,1.01555039882008
2017-04-29,HHS Region 2,ili perc,1,2017-05-06,quantile,0.3,1.01555039882008
2017-04-29,HHS Region 2,ili perc,1,2017-05-06,quantile,0.35,1.0304338757635
2017-04-29,HHS Region 2,ili perc,1,2017-05-06,quantile,0.4,1.11554928948195
2017-04-29,HHS Region 2,ili perc,1,2017-05-06,quantile,0.45,1.36058726015905
2017-04-29,HHS Region 2,ili perc,1,2017-05-06,quantile,0.5,1.36058726015905
2017-04-29,HHS Region 2,ili perc,1,2017-05-06,quantile,0.55,1.43681
2017-04-29,HHS Region 2,ili perc,1,2017-05-06,quantile,0.6,1.4765
2017-04-29,HHS Region 2,ili perc,1,2017-05-06,quantile,0.65,1.4765
2017-04-29,HHS Region 2,ili perc,1,2017-05-06,quantile,0.7,1.6154
2017-04-29,HHS Region 2,ili perc,1,2017-05-06,quantile,0.75,1.6154
2017-04-29,HHS Region 2,ili perc,1,2017-05-06,quantile,0.8,1.84629
2017-04-29,HHS Region 2,ili perc,1,2017-05-06,quantile,0.85,1.93125
2017-04-29,HHS Region 2,ili perc,1,2017-05-06,quantile,0.9,1.93125
2017-04-29,HHS Region 2,ili perc,1,2017-05-06,quantile,0.95,2.86231289630206
2017-04-29,HHS Region 2,ili perc,1,2017-05-06,quantile,0.975,2.86231289630206
2017-04-29,HHS Region 2,ili perc,1,2017-05-06,quantile,0.99,2.86231289630206
2017-04-29,HHS Region 2,ili perc,2,2017-05-13,quantile,0.01,0.60121685255231
2017-04-29,HHS Region 2,ili perc,2,2017-05-13,quantile,0.025,0.60121685255231
2017-04-29,HHS Region 2,ili perc,2,2017-05-13,quantile,0.05,0.60121685255231
2017-04-29,HHS Region 2,ili perc,2,2017-05-13,quantile,0.1,0.832618762066021
2017-04-29,HHS Region 2,ili perc,2,2017-05-13,quantile,0.15,0.871829
2017-04-29,HHS Region 2,ili perc,2,2017-05-13,quantile,0.2,0.871829
2017-04-29,HHS Region 2,ili perc,2,2017-05-13,quantile,0.25,0.915022099332321
2017-04-29,HHS Region 2,ili perc,2,2017-05-13,quantile,0.3,0.915022099332321
2017-04-29,HHS Region 2,ili perc,2,2017-05-13,quantile,0.35,1.14734564263126
2017-04-29,HHS Region 2,ili perc,2,2017-05-13,quantile,0.4,1.19469336623847
2017-04-29,HHS Region 2,ili perc,2,2017-05-13,quantile,0.45,1.19469336623847
2017-04-29,HHS Region 2,ili perc,2,2017-05-13,quantile,0.5,1.21198496033505
2017-04-29,HHS Region 2,ili perc,2,2017-05-13,quantile,0.55,1.21198496033505
2017-04-29,HHS Region 2,ili perc,2,2017-05-13,quantile,0.6,1.26071
2017-04-29,HHS Region 2,ili perc,2,2017-05-13,quantile,0.65,1.38879
2017-04-29,HHS Region 2,ili perc,2,2017-05-13,quantile,0.7,1.38879
2017-04-29,HHS Region 2,ili perc,2,2017-05-13,quantile,0.75,1.71908
2017-04-29,HHS Region 2,ili perc,2,2017-05-13,quantile,0.8,1.85969
2017-04-29,HHS Region 2,ili perc,2,2017-05-13,quantile,0.85,2.19224635554468
2017-04-29,HHS Region 2,ili perc,2,2017-05-13,quantile,0.9,2.19224635554468
2017-04-29,HHS Region 2,ili perc,2,2017-05-13,quantile,0.95,2.31498
2017-04-29,HHS Region 2,ili perc,2,2017-05-13,quantile,0.975,2.31498
2017-04-29,HHS Region 2,ili perc,2,2017-05-13,quantile,0.99,2.31498
2017-04-29,HHS Region 2,ili perc,3,2017-05-20,quantile,0.01,0.765653131642647
2017-04-29,HHS Region 2,ili perc,3,2017-05-20,quantile,0.025,0.765653131642647
2017-04-29,HHS Region 2,ili perc,3,2017-05-20,quantile,0.05,0.765653131642647
2017-04-29,HHS Region 2,ili perc,3,2017-05-20,quantile,0.1,0.80649891318947
2017-04-29,HHS Region 2,ili perc,3,2017-05-20,quantile,0.15,0.80649891318947
2017-04-29,HHS Region 2,ili perc,3,2017-05-20,quantile,0.2,0.856222
2017-04-29,HHS Region 2,ili perc,3,2017-05-20,quantile,0.25,0.8746308385212183
2017-04-29,HHS Region 2,ili perc,3,2017-05-20,quantile,0.3,0.880767118028291
2017-04-29,HHS Region 2,ili perc,3,2017-05-20,quantile,0.35,0.935607329900419
2017-04-29,HHS Region 2,ili perc,3,2017-05-20,quantile,0.4,0.935607329900419
2017-04-29,HHS Region 2,ili perc,3,2017-05-20,quantile,0.45,0.951985401202768
2017-04-29,HHS Region 2,ili perc,3,2017-05-20,quantile,0.5,1.02576237474597
2017-04-29,HHS Region 2,ili perc,3,2017-05-20,quantile,0.55,1.02576237474597
2017-04-29,HHS Region 2,ili perc,3,2017-05-20,quantile,0.6,1.25627
2017-04-29,HHS Region 2,ili perc,3,2017-05-20,quantile,0.65,1.33755
2017-04-29,HHS Region 2,ili perc,3,2017-05-20,quantile,0.7,1.33755
2017-04-29,HHS Region 2,ili perc,3,2017-05-20,quantile,0.75,1.4441
2017-04-29,HHS Region 2,ili perc,3,2017-05-20,quantile,0.8,1.79159
2017-04-29,HHS Region 2,ili perc,3,2017-05-20,quantile,0.85,2.11871
2017-04-29,HHS Region 2,ili perc,3,2017-05-20,quantile,0.9,2.11871
2017-04-29,HHS Region 2,ili perc,3,2017-05-20,quantile,0.95,2.9152272132745
2017-04-29,HHS Region 2,ili perc,3,2017-05-20,quantile,0.975,2.9152272132745
2017-04-29,HHS Region 2,ili perc,3,2017-05-20,quantile,0.99,2.9152272132745
2017-04-29,HHS Region 2,ili perc,4,2017-05-27,quantile,0.01,0.662983926360827
2017-04-29,HHS Region 2,ili perc,4,2017-05-27,quantile,0.025,0.662983926360827
2017-04-29,HHS Region 2,ili perc,4,2017-05-27,quantile,0.05,0.662983926360827
2017-04-29,HHS Region 2,ili perc,4,2017-05-27,quantile,0.1,0.677248
2017-04-29,HHS Region 2,ili perc,4,2017-05-27,quantile,0.15,0.677248
2017-04-29,HHS Region 2,ili perc,4,2017-05-27,quantile,0.2,0.913686901077506
2017-04-29,HHS Region 2,ili perc,4,2017-05-27,quantile,0.25,0.922141539209403
2017-04-29,HHS Region 2,ili perc,4,2017-05-27,quantile,0.3,0.922141539209403
2017-04-29,HHS Region 2,ili perc,4,2017-05-27,quantile,0.35,0.9798309955856
2017-04-29,HHS Region 2,ili perc,4,2017-05-27,quantile,0.4,0.9798309955856
2017-04-29,HHS Region 2,ili perc,4,2017-05-27,quantile,0.45,1.18383
2017-04-29,HHS Region 2,ili perc,4,2017-05-27,quantile,0.5,1.21486
2017-04-29,HHS Region 2,ili perc,4,2017-05-27,quantile,0.55,1.21486
2017-04-29,HHS Region 2,ili perc,4,2017-05-27,quantile,0.6,1.22627926906525
2017-04-29,HHS Region 2,ili perc,4,2017-05-27,quantile,0.65,1.29285275280971
2017-04-29,HHS Region 2,ili perc,4,2017-05-27,quantile,0.7,1.29285275280971
2017-04-29,HHS Region 2,ili perc,4,2017-05-27,quantile,0.75,1.63654
2017-04-29,HHS Region 2,ili perc,4,2017-05-27,quantile,0.8,1.6912320000000123
2017-04-29,HHS Region 2,ili perc,4,2017-05-27,quantile,0.85,1.91
2017-04-29,HHS Region 2,ili perc,4,2017-05-27,quantile,0.9,1.92708
2017-04-29,HHS Region 2,ili perc,4,2017-05-27,quantile,0.95,5.39543823023229
2017-04-29,HHS Region 2,ili perc,4,2017-05-27,quantile,0.975,5.39543823023229
2017-04-29,HHS Region 2,ili perc,4,2017-05-27,quantile,0.99,5.39543823023229
2017-04-29,HHS Region 3,ili perc,1,2017-05-06,quantile,0.01,0.97519
2017-04-29,HHS Region 3,ili perc,1,2017-05-06,quantile,0.025,0.97519
2017-04-29,HHS Region 3,ili perc,1,2017-05-06,quantile,0.05,0.97519
2017-04-29,HHS Region 3,ili perc,1,2017-05-06,quantile,0.1,1.02921799263233
2017-04-29,HHS Region 3,ili perc,1,2017-05-06,quantile,0.15,1.05401
2017-04-29,HHS Region 3,ili perc,1,2017-05-06,quantile,0.2,1.05401
2017-04-29,HHS Region 3,ili perc,1,2017-05-06,quantile,0.25,1.10672
2017-04-29,HHS Region 3,ili perc,1,2017-05-06,quantile,0.3,1.2354073974973
2017-04-29,HHS Region 3,ili perc,1,2017-05-06,quantile,0.35,1.2354073974973
2017-04-29,HHS Region 3,ili perc,1,2017-05-06,quantile,0.4,1.28227375335931
2017-04-29,HHS Region 3,ili perc,1,2017-05-06,quantile,0.45,1.28227375335931
2017-04-29,HHS Region 3,ili perc,1,2017-05-06,quantile,0.5,1.28386052846757
2017-04-29,HHS Region 3,ili perc,1,2017-05-06,quantile,0.55,1.29493
2017-04-29,HHS Region 3,ili perc,1,2017-05-06,quantile,0.6,1.29493
2017-04-29,HHS Region 3,ili perc,1,2017-05-06,quantile,0.65,1.43987342751434
2017-04-29,HHS Region 3,ili perc,1,2017-05-06,quantile,0.7,1.47642
2017-04-29,HHS Region 3,ili perc,1,2017-05-06,quantile,0.75,1.47642
2017-04-29,HHS Region 3,ili perc,1,2017-05-06,quantile,0.8,1.88369
2017-04-29,HHS Region 3,ili perc,1,2017-05-06,quantile,0.85,1.96820530961212
2017-04-29,HHS Region 3,ili perc,1,2017-05-06,quantile,0.9,1.96820530961212
2017-04-29,HHS Region 3,ili perc,1,2017-05-06,quantile,0.95,2.2793343122243
2017-04-29,HHS Region 3,ili perc,1,2017-05-06,quantile,0.975,2.2793343122243
2017-04-29,HHS Region 3,ili perc,1,2017-05-06,quantile,0.99,2.2793343122243
2017-04-29,HHS Region 3,ili perc,2,2017-05-13,quantile,0.01,0.824627310499436
2017-04-29,HHS Region 3,ili perc,2,2017-05-13,quantile,0.025,0.824627310499436
2017-04-29,HHS Region 3,ili perc,2,2017-05-13,quantile,0.05,0.824627310499436
2017-04-29,HHS Region 3,ili perc,2,2017-05-13,quantile,0.1,0.931867
2017-04-29,HHS Region 3,ili perc,2,2017-05-13,quantile,0.15,0.931867
2017-04-29,HHS Region 3,ili perc,2,2017-05-13,quantile,0.2,1.11422551502584
2017-04-29,HHS Region 3,ili perc,2,2017-05-13,quantile,0.25,1.17941887875646
2017-04-29,HHS Region 3,ili perc,2,2017-05-13,quantile,0.3,1.20115
2017-04-29,HHS Region 3,ili perc,2,2017-05-13,quantile,0.35,1.2586145595503
2017-04-29,HHS Region 3,ili perc,2,2017-05-13,quantile,0.4,1.2586145595503
2017-04-29,HHS Region 3,ili perc,2,2017-05-13,quantile,0.45,1.2852
2017-04-29,HHS Region 3,ili perc,2,2017-05-13,quantile,0.5,1.33649
2017-04-29,HHS Region 3,ili perc,2,2017-05-13,quantile,0.55,1.33649
2017-04-29,HHS Region 3,ili perc,2,2017-05-13,quantile,0.6,1.4556
2017-04-29,HHS Region 3,ili perc,2,2017-05-13,quantile,0.65,1.67622929149347
2017-04-29,HHS Region 3,ili perc,2,2017-05-13,quantile,0.7,1.67622929149347
2017-04-29,HHS Region 3,ili perc,2,2017-05-13,quantile,0.75,1.7257
2017-04-29,HHS Region 3,ili perc,2,2017-05-13,quantile,0.8,1.9231650500794
2017-04-29,HHS Region 3,ili perc,2,2017-05-13,quantile,0.85,1.9231650500794
2017-04-29,HHS Region 3,ili perc,2,2017-05-13,quantile,0.9,2.13132342796637
2017-04-29,HHS Region 3,ili perc,2,2017-05-13,quantile,0.95,2.28079493350806
2017-04-29,HHS Region 3,ili perc,2,2017-05-13,quantile,0.975,2.28079493350806
2017-04-29,HHS Region 3,ili perc,2,2017-05-13,quantile,0.99,2.28079493350806
2017-04-29,HHS Region 3,ili perc,3,2017-05-20,quantile,0.01,0.966373
2017-04-29,HHS Region 3,ili perc,3,2017-05-20,quantile,0.025,0.966373
2017-04-29,HHS Region 3,ili perc,3,2017-05-20,quantile,0.05,0.966373
2017-04-29,HHS Region 3,ili perc,3,2017-05-20,quantile,0.1,0.966373
2017-04-29,HHS Region 3,ili perc,3,2017-05-20,quantile,0.15,0.990324
2017-04-29,HHS Region 3,ili perc,3,2017-05-20,quantile,0.2,1.13242
2017-04-29,HHS Region 3,ili perc,3,2017-05-20,quantile,0.25,1.17626103120416
2017-04-29,HHS Region 3,ili perc,3,2017-05-20,quantile,0.3,1.17626103120416
2017-04-29,HHS Region 3,ili perc,3,2017-05-20,quantile,0.35,1.18651930632109
2017-04-29,HHS Region 3,ili perc,3,2017-05-20,quantile,0.4,1.1952232055523
2017-04-29,HHS Region 3,ili perc,3,2017-05-20,quantile,0.45,1.1952232055523
2017-04-29,HHS Region 3,ili perc,3,2017-05-20,quantile,0.5,1.21124
2017-04-29,HHS Region 3,ili perc,3,2017-05-20,quantile,0.55,1.21124
2017-04-29,HHS Region 3,ili perc,3,2017-05-20,quantile,0.6,1.26516
2017-04-29,HHS Region 3,ili perc,3,2017-05-20,quantile,0.65,1.49124516992058
2017-04-29,HHS Region 3,ili perc,3,2017-05-20,quantile,0.7,1.59616864908913
2017-04-29,HHS Region 3,ili perc,3,2017-05-20,quantile,0.75,1.59616864908913
2017-04-29,HHS Region 3,ili perc,3,2017-05-20,quantile,0.8,1.62537989209317
2017-04-29,HHS Region 3,ili perc,3,2017-05-20,quantile,0.85,1.62537989209317
2017-04-29,HHS Region 3,ili perc,3,2017-05-20,quantile,0.9,1.66207
2017-04-29,HHS Region 3,ili perc,3,2017-05-20,quantile,0.95,1.73386343969546
2017-04-29,HHS Region 3,ili perc,3,2017-05-20,quantile,0.975,1.73386343969546
2017-04-29,HHS Region 3,ili perc,3,2017-05-20,quantile,0.99,1.73386343969546
2017-04-29,HHS Region 3,ili perc,4,2017-05-27,quantile,0.01,0.944452
2017-04-29,HHS Region 3,ili perc,4,2017-05-27,quantile,0.025,0.944452
2017-04-29,HHS Region 3,ili perc,4,2017-05-27,quantile,0.05,0.944452
2017-04-29,HHS Region 3,ili perc,4,2017-05-27,quantile,0.1,1.06364440710183
2017-04-29,HHS Region 3,ili perc,4,2017-05-27,quantile,0.15,1.06364440710183
2017-04-29,HHS Region 3,ili perc,4,2017-05-27,quantile,0.2,1.07191217587159
2017-04-29,HHS Region 3,ili perc,4,2017-05-27,quantile,0.25,1.08424
2017-04-29,HHS Region 3,ili perc,4,2017-05-27,quantile,0.3,1.08424
2017-04-29,HHS Region 3,ili perc,4,2017-05-27,quantile,0.35,1.12765
2017-04-29,HHS Region 3,ili perc,4,2017-05-27,quantile,0.4,1.12765
2017-04-29,HHS Region 3,ili perc,4,2017-05-27,quantile,0.45,1.14322462590831
2017-04-29,HHS Region 3,ili perc,4,2017-05-27,quantile,0.5,1.22785
2017-04-29,HHS Region 3,ili perc,4,2017-05-27,quantile,0.55,1.22785
2017-04-29,HHS Region 3,ili perc,4,2017-05-27,quantile,0.6,1.30065
2017-04-29,HHS Region 3,ili perc,4,2017-05-27,quantile,0.65,1.35608301830168
2017-04-29,HHS Region 3,ili perc,4,2017-05-27,quantile,0.7,1.44669404857281
2017-04-29,HHS Region 3,ili perc,4,2017-05-27,quantile,0.75,1.44669404857281
2017-04-29,HHS Region 3,ili perc,4,2017-05-27,quantile,0.8,1.53578
2017-04-29,HHS Region 3,ili perc,4,2017-05-27,quantile,0.85,1.86566133213096
2017-04-29,HHS Region 3,ili perc,4,2017-05-27,quantile,0.9,1.86566133213096
2017-04-29,HHS Region 3,ili perc,4,2017-05-27,quantile,0.95,2.02945687600444
2017-04-29,HHS Region 3,ili perc,4,2017-05-27,quantile,0.975,2.02945687600444
2017-04-29,HHS Region 3,ili perc,4,2017-05-27,quantile,0.99,2.02945687600444
2017-04-29,HHS Region 4,ili perc,1,2017-05-06,quantile,0.01,0.383163629827406
2017-04-29,HHS Region 4,ili perc,1,2017-05-06,quantile,0.025,0.383163629827406
2017-04-29,HHS Region 4,ili perc,1,2017-05-06,quantile,0.05,0.383163629827406
2017-04-29,HHS Region 4,ili perc,1,2017-05-06,quantile,0.1,0.68861000000000006
2017-04-29,HHS Region 4,ili perc,1,2017-05-06,quantile,0.15,0.68861000000000006
2017-04-29,HHS Region 4,ili perc,1,2017-05-06,quantile,0.2,0.70360145085907
2017-04-29,HHS Region 4,ili perc,1,2017-05-06,quantile,0.25,0.721675824318261
2017-04-29,HHS Region 4,ili perc,1,2017-05-06,quantile,0.3,0.721675824318261
2017-04-29,HHS Region 4,ili perc,1,2017-05-06,quantile,0.35,0.738279
2017-04-29,HHS Region 4,ili perc,1,2017-05-06,quantile,0.4,0.738279
2017-04-29,HHS Region 4,ili perc,1,2017-05-06,quantile,0.45,0.796690623857024
2017-04-29,HHS Region 4,ili perc,1,2017-05-06,quantile,0.5,0.954206633442003
2017-04-29,HHS Region 4,ili perc,1,2017-05-06,quantile,0.55,0.969829
2017-04-29,HHS Region 4,ili perc,1,2017-05-06,quantile,0.6,0.969829
2017-04-29,HHS Region 4,ili perc,1,2017-05-06,quantile,0.65,1.02882
2017-04-29,HHS Region 4,ili perc,1,2017-05-06,quantile,0.7,1.02882
2017-04-29,HHS Region 4,ili perc,1,2017-05-06,quantile,0.75,1.03243828088711
2017-04-29,HHS Region 4,ili perc,1,2017-05-06,quantile,0.8,1.4572
2017-04-29,HHS Region 4,ili perc,1,2017-05-06,quantile,0.85,1.67187
2017-04-29,HHS Region 4,ili perc,1,2017-05-06,quantile,0.9,1.67187
2017-04-29,HHS Region 4,ili perc,1,2017-05-06,quantile,0.95,1.87097655596874
2017-04-29,HHS Region 4,ili perc,1,2017-05-06,quantile,0.975,1.87097655596874
2017-04-29,HHS Region 4,ili perc,1,2017-05-06,quantile,0.99,1.87097655596874
2017-04-29,HHS Region 4,ili perc,2,2017-05-13,quantile,0.01,0.417670248430656
2017-04-29,HHS Region 4,ili perc,2,2017-05-13,quantile,0.025,0.417670248430656
2017-04-29,HHS Region 4,ili perc,2,2017-05-13,quantile,0.05,0.417670248430656
2017-04-29,HHS Region 4,ili perc,2,2017-05-13,quantile,0.1,0.61208679604883
2017-04-29,HHS Region 4,ili perc,2,2017-05-13,quantile,0.15,0.61208679604883
2017-04-29,HHS Region 4,ili perc,2,2017-05-13,quantile,0.2,0.703683
2017-04-29,HHS Region 4,ili perc,2,2017-05-13,quantile,0.25,0.71973023214566
2017-04-29,HHS Region 4,ili perc,2,2017-05-13,quantile,0.3,0.71973023214566
2017-04-29,HHS Region 4,ili perc,2,2017-05-13,quantile,0.35,0.773202535105356
2017-04-29,HHS Region 4,ili perc,2,2017-05-13,quantile,0.4,0.798053
2017-04-29,HHS Region 4,ili perc,2,2017-05-13,quantile,0.45,0.91854
2017-04-29,HHS Region 4,ili perc,2,2017-05-13,quantile,0.5,0.91854
2017-04-29,HHS Region 4,ili perc,2,2017-05-13,quantile,0.55,0.941539
2017-04-29,HHS Region 4,ili perc,2,2017-05-13,quantile,0.6,0.941539
2017-04-29,HHS Region 4,ili perc,2,2017-05-13,quantile,0.65,1.00098958120988
2017-04-29,HHS Region 4,ili perc,2,2017-05-13,quantile,0.7,1.0705667028579
2017-04-29,HHS Region 4,ili perc,2,2017-05-13,quantile,0.75,1.142605027143425
2017-04-29,HHS Region 4,ili perc,2,2017-05-13,quantile,0.8,1.35872
2017-04-29,HHS Region 4,ili perc,2,2017-05-13,quantile,0.85,1.47025
2017-04-29,HHS Region 4,ili perc,2,2017-05-13,quantile,0.9,1.47025
2017-04-29,HHS Region 4,ili perc,2,2017-05-13,quantile,0.95,1.78818566557236
2017-04-29,HHS Region 4,ili perc,2,2017-05-13,quantile,0.975,1.78818566557236
2017-04-29,HHS Region 4,ili perc,2,2017-05-13,quantile,0.99,1.78818566557236
2017-04-29,HHS Region 4,ili perc,3,2017-05-20,quantile,0.01,0.468317918212309
2017-04-29,HHS Region 4,ili perc,3,2017-05-20,quantile,0.025,0.468317918212309
2017-04-29,HHS Region 4,ili perc,3,2017-05-20,quantile,0.05,0.468317918212309
2017-04-29,HHS Region 4,ili perc,3,2017-05-20,quantile,0.1,0.482203746713651
2017-04-29,HHS Region 4,ili perc,3,2017-05-20,quantile,0.15,0.482203746713651
2017-04-29,HHS Region 4,ili perc,3,2017-05-20,quantile,0.2,0.659797666018664
2017-04-29,HHS Region 4,ili perc,3,2017-05-20,quantile,0.25,0.69315
2017-04-29,HHS Region 4,ili perc,3,2017-05-20,quantile,0.3,0.69315
2017-04-29,HHS Region 4,ili perc,3,2017-05-20,quantile,0.35,0.760478
2017-04-29,HHS Region 4,ili perc,3,2017-05-20,quantile,0.4,0.761435281523743
2017-04-29,HHS Region 4,ili perc,3,2017-05-20,quantile,0.45,0.8520597266856862
2017-04-29,HHS Region 4,ili perc,3,2017-05-20,quantile,0.5,0.926207
2017-04-29,HHS Region 4,ili perc,3,2017-05-20,quantile,0.55,0.970332059221449
2017-04-29,HHS Region 4,ili perc,3,2017-05-20,quantile,0.6,0.970332059221449
2017-04-29,HHS Region 4,ili perc,3,2017-05-20,quantile,0.65,0.991342174404601
2017-04-29,HHS Region 4,ili perc,3,2017-05-20,quantile,0.7,1.00599
2017-04-29,HHS Region 4,ili perc,3,2017-05-20,quantile,0.75,1.00599
2017-04-29,HHS Region 4,ili perc,3,2017-05-20,quantile,0.8,1.19956241416295
2017-04-29,HHS Region 4,ili perc,3,2017-05-20,quantile,0.85,1.19956241416295
2017-04-29,HHS Region 4,ili perc,3,2017-05-20,quantile,0.9,1.21156
2017-04-29,HHS Region 4,ili perc,3,2017-05-20,quantile,0.95,1.44199
2017-04-29,HHS Region 4,ili perc,3,2017-05-20,quantile,0.975,1.44199
2017-04-29,HHS Region 4,ili perc,3,2017-05-20,quantile,0.99,1.44199
2017-04-29,HHS Region 4,ili perc,4,2017-05-27,quantile,0.01,0.438778881057921
2017-04-29,HHS Region 4,ili perc,4,2017-05-27,quantile,0.025,0.438778881057921
2017-04-29,HHS Region 4,ili perc,4,2017-05-27,quantile,0.05,0.438778881057921
2017-04-29,HHS Region 4,ili perc,4,2017-05-27,quantile,0.1,0.487192741962413
2017-04-29,HHS Region 4,ili perc,4,2017-05-27,quantile,0.15,0.6083442700990856
2017-04-29,HHS Region 4,ili perc,4,2017-05-27,quantile,0.2,0.62972395153497
2017-04-29,HHS Region 4,ili perc,4,2017-05-27,quantile,0.25,0.641615164275426
2017-04-29,HHS Region 4,ili perc,4,2017-05-27,quantile,0.3,0.641615164275426
2017-04-29,HHS Region 4,ili perc,4,2017-05-27,quantile,0.35,0.800164396808007
2017-04-29,HHS Region 4,ili perc,4,2017-05-27,quantile,0.4,0.817835
2017-04-29,HHS Region 4,ili perc,4,2017-05-27,quantile,0.45,0.817835
2017-04-29,HHS Region 4,ili perc,4,2017-05-27,quantile,0.5,0.819168
2017-04-29,HHS Region 4,ili perc,4,2017-05-27,quantile,0.55,0.895342
2017-04-29,HHS Region 4,ili perc,4,2017-05-27,quantile,0.6,0.895342
2017-04-29,HHS Region 4,ili perc,4,2017-05-27,quantile,0.65,0.919026
2017-04-29,HHS Region 4,ili perc,4,2017-05-27,quantile,0.7,0.919026
2017-04-29,HHS Region 4,ili perc,4,2017-05-27,quantile,0.75,0.996843852167632
2017-04-29,HHS Region 4,ili perc,4,2017-05-27,quantile,0.8,0.997748776281077
2017-04-29,HHS Region 4,ili perc,4,2017-05-27,quantile,0.85,1.06968
2017-04-29,HHS Region 4,ili perc,4,2017-05-27,quantile,0.9,1.06968
2017-04-29,HHS Region 4,ili perc,4,2017-05-27,quantile,0.95,1.52885
2017-04-29,HHS Region 4,ili perc,4,2017-05-27,quantile,0.975,1.52885
2017-04-29,HHS Region 4,ili perc,4,2017-05-27,quantile,0.99,1.52885
2017-04-29,HHS Region 5,ili perc,1,2017-05-06,quantile,0.01,0.505671487248448
2017-04-29,HHS Region 5,ili perc,1,2017-05-06,quantile,0.025,0.505671487248448
2017-04-29,HHS Region 5,ili perc,1,2017-05-06,quantile,0.05,0.505671487248448
2017-04-29,HHS Region 5,ili perc,1,2017-05-06,quantile,0.1,0.588033840721198
2017-04-29,HHS Region 5,ili perc,1,2017-05-06,quantile,0.15,0.588033840721198
2017-04-29,HHS Region 5,ili perc,1,2017-05-06,quantile,0.2,0.751988
2017-04-29,HHS Region 5,ili perc,1,2017-05-06,quantile,0.25,0.752673408401929
2017-04-29,HHS Region 5,ili perc,1,2017-05-06,quantile,0.3,0.808578367458782
2017-04-29,HHS Region 5,ili perc,1,2017-05-06,quantile,0.35,0.843975
2017-04-29,HHS Region 5,ili perc,1,2017-05-06,quantile,0.4,0.843975
2017-04-29,HHS Region 5,ili perc,1,2017-05-06,quantile,0.45,0.870771556530419
2017-04-29,HHS Region 5,ili perc,1,2017-05-06,quantile,0.5,0.870771556530419
2017-04-29,HHS Region 5,ili perc,1,2017-05-06,quantile,0.55,0.905078243126974
2017-04-29,HHS Region 5,ili perc,1,2017-05-06,quantile,0.6,0.905078243126974
2017-04-29,HHS Region 5,ili perc,1,2017-05-06,quantile,0.65,1.03214
2017-04-29,HHS Region 5,ili perc,1,2017-05-06,quantile,0.7,1.04643
2017-04-29,HHS Region 5,ili perc,1,2017-05-06,quantile,0.75,1.04643
2017-04-29,HHS Region 5,ili perc,1,2017-05-06,quantile,0.8,1.21623
2017-04-29,HHS Region 5,ili perc,1,2017-05-06,quantile,0.85,1.22808
2017-04-29,HHS Region 5,ili perc,1,2017-05-06,quantile,0.9,1.22808
2017-04-29,HHS Region 5,ili perc,1,2017-05-06,quantile,0.95,1.72921259702863
2017-04-29,HHS Region 5,ili perc,1,2017-05-06,quantile,0.975,1.72921259702863
2017-04-29,HHS Region 5,ili perc,1,2017-05-06,quantile,0.99,1.72921259702863
2017-04-29,HHS Region 5,ili perc,2,2017-05-13,quantile,0.01,0.529579143688105
2017-04-29,HHS Region 5,ili perc,2,2017-05-13,quantile,0.025,0.529579143688105
2017-04-29,HHS Region 5,ili perc,2,2017-05-13,quantile,0.05,0.529579143688105
2017-04-29,HHS Region 5,ili perc,2,2017-05-13,quantile,0.1,0.565158260397861
2017-04-29,HHS Region 5,ili perc,2,2017-05-13,quantile,0.15,0.565158260397861
2017-04-29,HHS Region 5,ili perc,2,2017-05-13,quantile,0.2,0.661597776587766
2017-04-29,HHS Region 5,ili perc,2,2017-05-13,quantile,0.25,0.732554789222071
2017-04-29,HHS Region 5,ili perc,2,2017-05-13,quantile,0.3,0.732554789222071
2017-04-29,HHS Region 5,ili perc,2,2017-05-13,quantile,0.35,0.764519
2017-04-29,HHS Region 5,ili perc,2,2017-05-13,quantile,0.4,0.764519
2017-04-29,HHS Region 5,ili perc,2,2017-05-13,quantile,0.45,0.79640480764199
2017-04-29,HHS Region 5,ili perc,2,2017-05-13,quantile,0.5,0.82691850803067
2017-04-29,HHS Region 5,ili perc,2,2017-05-13,quantile,0.55,0.82691850803067
2017-04-29,HHS Region 5,ili perc,2,2017-05-13,quantile,0.6,0.857398
2017-04-29,HHS Region 5,ili perc,2,2017-05-13,quantile,0.65,0.959535
2017-04-29,HHS Region 5,ili perc,2,2017-05-13,quantile,0.7,0.959535
2017-04-29,HHS Region 5,ili perc,2,2017-05-13,quantile,0.75,1.04621
2017-04-29,HHS Region 5,ili perc,2,2017-05-13,quantile,0.8,1.11499
2017-04-29,HHS Region 5,ili perc,2,2017-05-13,quantile,0.85,1.11499
2017-04-29,HHS Region 5,ili perc,2,2017-05-13,quantile,0.9,1.2569
2017-04-29,HHS Region 5,ili perc,2,2017-05-13,quantile,0.95,1.59683258755757
2017-04-29,HHS Region 5,ili perc,2,2017-05-13,quantile,0.975,1.59683258755757
2017-04-29,HHS Region 5,ili perc,2,2017-05-13,quantile,0.99,1.59683258755757
2017-04-29,HHS Region 5,ili perc,3,2017-05-20,quantile,0.01,0.510716611375682
2017-04-29,HHS Region 5,ili perc,3,2017-05-20,quantile,0.025,0.510716611375682
2017-04-29,HHS Region 5,ili perc,3,2017-05-20,quantile,0.05,0.510716611375682
2017-04-29,HHS Region 5,ili perc,3,2017-05-20,quantile,0.1,0.63513999279009
2017-04-29,HHS Region 5,ili perc,3,2017-05-20,quantile,0.15,0.65766630552834
2017-04-29,HHS Region 5,ili perc,3,2017-05-20,quantile,0.2,0.65766630552834
2017-04-29,HHS Region 5,ili perc,3,2017-05-20,quantile,0.25,0.662591413023035
2017-04-29,HHS Region 5,ili perc,3,2017-05-20,quantile,0.3,0.662591413023035
2017-04-29,HHS Region 5,ili perc,3,2017-05-20,quantile,0.35,0.75963988592554
2017-04-29,HHS Region 5,ili perc,3,2017-05-20,quantile,0.4,0.75963988592554
2017-04-29,HHS Region 5,ili perc,3,2017-05-20,quantile,0.45,0.767403
2017-04-29,HHS Region 5,ili perc,3,2017-05-20,quantile,0.5,0.815303
2017-04-29,HHS Region 5,ili perc,3,2017-05-20,quantile,0.55,0.815303
2017-04-29,HHS Region 5,ili perc,3,2017-05-20,quantile,0.6,0.830760059401011
2017-04-29,HHS Region 5,ili perc,3,2017-05-20,quantile,0.65,0.830760059401011
2017-04-29,HHS Region 5,ili perc,3,2017-05-20,quantile,0.7,0.852781
2017-04-29,HHS Region 5,ili perc,3,2017-05-20,quantile,0.75,1.00154
2017-04-29,HHS Region 5,ili perc,3,2017-05-20,quantile,0.8,1.00154
2017-04-29,HHS Region 5,ili perc,3,2017-05-20,quantile,0.85,1.04588
2017-04-29,HHS Region 5,ili perc,3,2017-05-20,quantile,0.9,1.177
2017-04-29,HHS Region 5,ili perc,3,2017-05-20,quantile,0.95,1.3172906900802
2017-04-29,HHS Region 5,ili perc,3,2017-05-20,quantile,0.975,1.3172906900802
2017-04-29,HHS Region 5,ili perc,3,2017-05-20,quantile,0.99,1.3172906900802
2017-04-29,HHS Region 5,ili perc,4,2017-05-27,quantile,0.01,0.563980922001566
2017-04-29,HHS Region 5,ili perc,4,2017-05-27,quantile,0.025,0.563980922001566
2017-04-29,HHS Region 5,ili perc,4,2017-05-27,quantile,0.05,0.563980922001566
2017-04-29,HHS Region 5,ili perc,4,2017-05-27,quantile,0.1,0.597874373443261
2017-04-29,HHS Region 5,ili perc,4,2017-05-27,quantile,0.15,0.636552
2017-04-29,HHS Region 5,ili perc,4,2017-05-27,quantile,0.2,0.636552
2017-04-29,HHS Region 5,ili perc,4,2017-05-27,quantile,0.25,0.664607
2017-04-29,HHS Region 5,ili perc,4,2017-05-27,quantile,0.3,0.664607
2017-04-29,HHS Region 5,ili perc,4,2017-05-27,quantile,0.35,0.693703571172191
2017-04-29,HHS Region 5,ili perc,4,2017-05-27,quantile,0.4,0.711187021583102
2017-04-29,HHS Region 5,ili perc,4,2017-05-27,quantile,0.45,0.711187021583102
2017-04-29,HHS Region 5,ili perc,4,2017-05-27,quantile,0.5,0.731882463237369
2017-04-29,HHS Region 5,ili perc,4,2017-05-27,quantile,0.55,0.803267
2017-04-29,HHS Region 5,ili perc,4,2017-05-27,quantile,0.6,0.803267
2017-04-29,HHS Region 5,ili perc,4,2017-05-27,quantile,0.65,0.805393361387802
2017-04-29,HHS Region 5,ili perc,4,2017-05-27,quantile,0.7,0.816745
2017-04-29,HHS Region 5,ili perc,4,2017-05-27,quantile,0.75,0.842797
2017-04-29,HHS Region 5,ili perc,4,2017-05-27,quantile,0.8,0.842797
2017-04-29,HHS Region 5,ili perc,4,2017-05-27,quantile,0.85,1.2187
2017-04-29,HHS Region 5,ili perc,4,2017-05-27,quantile,0.9,1.2187
2017-04-29,HHS Region 5,ili perc,4,2017-05-27,quantile,0.95,1.37400243652637
2017-04-29,HHS Region 5,ili perc,4,2017-05-27,quantile,0.975,1.37400243652637
2017-04-29,HHS Region 5,ili perc,4,2017-05-27,quantile,0.99,1.37400243652637
2017-04-29,HHS Region 6,ili perc,1,2017-05-06,quantile,0.01,0.530174971935867
2017-04-29,HHS Region 6,ili perc,1,2017-05-06,quantile,0.025,0.530174971935867
2017-04-29,HHS Region 6,ili perc,1,2017-05-06,quantile,0.05,0.530174971935867
2017-04-29,HHS Region 6,ili perc,1,2017-05-06,quantile,0.1,1.16304495605966
2017-04-29,HHS Region 6,ili perc,1,2017-05-06,quantile,0.15,1.16304495605966
2017-04-29,HHS Region 6,ili perc,1,2017-05-06,quantile,0.2,1.28164010301404
2017-04-29,HHS Region 6,ili perc,1,2017-05-06,quantile,0.25,1.41019
2017-04-29,HHS Region 6,ili perc,1,2017-05-06,quantile,0.3,1.41019
2017-04-29,HHS Region 6,ili perc,1,2017-05-06,quantile,0.35,1.41357880044445
2017-04-29,HHS Region 6,ili perc,1,2017-05-06,quantile,0.4,1.4617878101181478
2017-04-29,HHS Region 6,ili perc,1,2017-05-06,quantile,0.45,1.49392714990061
2017-04-29,HHS Region 6,ili perc,1,2017-05-06,quantile,0.5,1.65645
2017-04-29,HHS Region 6,ili perc,1,2017-05-06,quantile,0.55,1.65645
2017-04-29,HHS Region 6,ili perc,1,2017-05-06,quantile,0.6,1.88552
2017-04-29,HHS Region 6,ili perc,1,2017-05-06,quantile,0.65,1.94261482789962
2017-04-29,HHS Region 6,ili perc,1,2017-05-06,quantile,0.7,2.1299
2017-04-29,HHS Region 6,ili perc,1,2017-05-06,quantile,0.75,2.1299
2017-04-29,HHS Region 6,ili perc,1,2017-05-06,quantile,0.8,2.21258
2017-04-29,HHS Region 6,ili perc,1,2017-05-06,quantile,0.85,2.52747
2017-04-29,HHS Region 6,ili perc,1,2017-05-06,quantile,0.9,2.52747
2017-04-29,HHS Region 6,ili perc,1,2017-05-06,quantile,0.95,4.19802713681589
2017-04-29,HHS Region 6,ili perc,1,2017-05-06,quantile,0.975,4.19802713681589
2017-04-29,HHS Region 6,ili perc,1,2017-05-06,quantile,0.99,4.19802713681589
2017-04-29,HHS Region 6,ili perc,2,2017-05-13,quantile,0.01,0.612580549210059
2017-04-29,HHS Region 6,ili perc,2,2017-05-13,quantile,0.025,0.612580549210059
2017-04-29,HHS Region 6,ili perc,2,2017-05-13,quantile,0.05,0.612580549210059
2017-04-29,HHS Region 6,ili perc,2,2017-05-13,quantile,0.1,1.39148769457008
2017-04-29,HHS Region 6,ili perc,2,2017-05-13,quantile,0.15,1.42668488524936
2017-04-29,HHS Region 6,ili perc,2,2017-05-13,quantile,0.2,1.42668488524936
2017-04-29,HHS Region 6,ili perc,2,2017-05-13,quantile,0.25,1.44453
2017-04-29,HHS Region 6,ili perc,2,2017-05-13,quantile,0.3,1.65508764959498
2017-04-29,HHS Region 6,ili perc,2,2017-05-13,quantile,0.35,1.65508764959498
2017-04-29,HHS Region 6,ili perc,2,2017-05-13,quantile,0.4,1.73602
2017-04-29,HHS Region 6,ili perc,2,2017-05-13,quantile,0.45,1.73602
2017-04-29,HHS Region 6,ili perc,2,2017-05-13,quantile,0.5,1.82136848155281
2017-04-29,HHS Region 6,ili perc,2,2017-05-13,quantile,0.55,1.90734
2017-04-29,HHS Region 6,ili perc,2,2017-05-13,quantile,0.6,1.90734
2017-04-29,HHS Region 6,ili perc,2,2017-05-13,quantile,0.65,2.0261003298579
2017-04-29,HHS Region 6,ili perc,2,2017-05-13,quantile,0.7,2.0261003298579
2017-04-29,HHS Region 6,ili perc,2,2017-05-13,quantile,0.75,2.08684
2017-04-29,HHS Region 6,ili perc,2,2017-05-13,quantile,0.8,2.10266
2017-04-29,HHS Region 6,ili perc,2,2017-05-13,quantile,0.85,2.13556
2017-04-29,HHS Region 6,ili perc,2,2017-05-13,quantile,0.9,2.13556
2017-04-29,HHS Region 6,ili perc,2,2017-05-13,quantile,0.95,3.44945752340687
2017-04-29,HHS Region 6,ili perc,2,2017-05-13,quantile,0.975,3.44945752340687
2017-04-29,HHS Region 6,ili perc,2,2017-05-13,quantile,0.99,3.44945752340687
2017-04-29,HHS Region 6,ili perc,3,2017-05-20,quantile,0.01,0.344409614816323
2017-04-29,HHS Region 6,ili perc,3,2017-05-20,quantile,0.025,0.344409614816323
2017-04-29,HHS Region 6,ili perc,3,2017-05-20,quantile,0.05,0.344409614816323
2017-04-29,HHS Region 6,ili perc,3,2017-05-20,quantile,0.1,1.18618985427834
2017-04-29,HHS Region 6,ili perc,3,2017-05-20,quantile,0.15,1.21322
2017-04-29,HHS Region 6,ili perc,3,2017-05-20,quantile,0.2,1.21322
2017-04-29,HHS Region 6,ili perc,3,2017-05-20,quantile,0.25,1.24626985254388
2017-04-29,HHS Region 6,ili perc,3,2017-05-20,quantile,0.3,1.24626985254388
2017-04-29,HHS Region 6,ili perc,3,2017-05-20,quantile,0.35,1.37832998926966
2017-04-29,HHS Region 6,ili perc,3,2017-05-20,quantile,0.4,1.63421
2017-04-29,HHS Region 6,ili perc,3,2017-05-20,quantile,0.45,1.88577
2017-04-29,HHS Region 6,ili perc,3,2017-05-20,quantile,0.5,1.88577
2017-04-29,HHS Region 6,ili perc,3,2017-05-20,quantile,0.55,1.92851776689917
2017-04-29,HHS Region 6,ili perc,3,2017-05-20,quantile,0.6,1.92851776689917
2017-04-29,HHS Region 6,ili perc,3,2017-05-20,quantile,0.65,1.9477
2017-04-29,HHS Region 6,ili perc,3,2017-05-20,quantile,0.7,2.09639
2017-04-29,HHS Region 6,ili perc,3,2017-05-20,quantile,0.75,2.09639
2017-04-29,HHS Region 6,ili perc,3,2017-05-20,quantile,0.8,2.19859793816343
2017-04-29,HHS Region 6,ili perc,3,2017-05-20,quantile,0.85,2.35974
2017-04-29,HHS Region 6,ili perc,3,2017-05-20,quantile,0.9,2.35974
2017-04-29,HHS Region 6,ili perc,3,2017-05-20,quantile,0.95,3.05823538293522
2017-04-29,HHS Region 6,ili perc,3,2017-05-20,quantile,0.975,3.05823538293522
2017-04-29,HHS Region 6,ili perc,3,2017-05-20,quantile,0.99,3.05823538293522
2017-04-29,HHS Region 6,ili perc,4,2017-05-27,quantile,0.01,0.50980115564912
2017-04-29,HHS Region 6,ili perc,4,2017-05-27,quantile,0.025,0.50980115564912
2017-04-29,HHS Region 6,ili perc,4,2017-05-27,quantile,0.05,0.50980115564912
2017-04-29,HHS Region 6,ili perc,4,2017-05-27,quantile,0.1,1.09818
2017-04-29,HHS Region 6,ili perc,4,2017-05-27,quantile,0.15,1.21409867999246
2017-04-29,HHS Region 6,ili perc,4,2017-05-27,quantile,0.2,1.21409867999246
2017-04-29,HHS Region 6,ili perc,4,2017-05-27,quantile,0.25,1.377200997457
2017-04-29,HHS Region 6,ili perc,4,2017-05-27,quantile,0.3,1.377200997457
2017-04-29,HHS Region 6,ili perc,4,2017-05-27,quantile,0.35,1.46609401412154
2017-04-29,HHS Region 6,ili perc,4,2017-05-27,quantile,0.4,1.46609401412154
2017-04-29,HHS Region 6,ili perc,4,2017-05-27,quantile,0.45,1.47642
2017-04-29,HHS Region 6,ili perc,4,2017-05-27,quantile,0.5,1.65683286397808
2017-04-29,HHS Region 6,ili perc,4,2017-05-27,quantile,0.55,1.69418300461808
2017-04-29,HHS Region 6,ili perc,4,2017-05-27,quantile,0.6,1.69418300461808
2017-04-29,HHS Region 6,ili perc,4,2017-05-27,quantile,0.65,1.90513
2017-04-29,HHS Region 6,ili perc,4,2017-05-27,quantile,0.7,1.90513
2017-04-29,HHS Region 6,ili perc,4,2017-05-27,quantile,0.75,1.9224
2017-04-29,HHS Region 6,ili perc,4,2017-05-27,quantile,0.8,2.17518
2017-04-29,HHS Region 6,ili perc,4,2017-05-27,quantile,0.85,2.1840209999999987
2017-04-29,HHS Region 6,ili perc,4,2017-05-27,quantile,0.9,2.23412
2017-04-29,HHS Region 6,ili perc,4,2017-05-27,quantile,0.95,2.43862385536911
2017-04-29,HHS Region 6,ili perc,4,2017-05-27,quantile,0.975,2.43862385536911
2017-04-29,HHS Region 6,ili perc,4,2017-05-27,quantile,0.99,2.43862385536911
2017-04-29,HHS Region 7,ili perc,1,2017-05-06,quantile,0.01,0.304850379114776
2017-04-29,HHS Region 7,ili perc,1,2017-05-06,quantile,0.025,0.304850379114776
2017-04-29,HHS Region 7,ili perc,1,2017-05-06,quantile,0.05,0.304850379114776
2017-04-29,HHS Region 7,ili perc,1,2017-05-06,quantile,0.1,0.353551236325763
2017-04-29,HHS Region 7,ili perc,1,2017-05-06,quantile,0.15,0.407487269383697
2017-04-29,HHS Region 7,ili perc,1,2017-05-06,quantile,0.2,0.407487269383697
2017-04-29,HHS Region 7,ili perc,1,2017-05-06,quantile,0.25,0.473599
2017-04-29,HHS Region 7,ili perc,1,2017-05-06,quantile,0.3,0.526637
2017-04-29,HHS Region 7,ili perc,1,2017-05-06,quantile,0.35,0.526637
2017-04-29,HHS Region 7,ili perc,1,2017-05-06,quantile,0.4,0.532091553722071
2017-04-29,HHS Region 7,ili perc,1,2017-05-06,quantile,0.45,0.582312093809288
2017-04-29,HHS Region 7,ili perc,1,2017-05-06,quantile,0.5,0.582312093809288
2017-04-29,HHS Region 7,ili perc,1,2017-05-06,quantile,0.55,0.666545346033082
2017-04-29,HHS Region 7,ili perc,1,2017-05-06,quantile,0.6,0.816381180576402
2017-04-29,HHS Region 7,ili perc,1,2017-05-06,quantile,0.65,0.816381180576402
2017-04-29,HHS Region 7,ili perc,1,2017-05-06,quantile,0.7,0.837067
2017-04-29,HHS Region 7,ili perc,1,2017-05-06,quantile,0.75,0.837067
2017-04-29,HHS Region 7,ili perc,1,2017-05-06,quantile,0.8,0.840615
2017-04-29,HHS Region 7,ili perc,1,2017-05-06,quantile,0.85,0.908619
2017-04-29,HHS Region 7,ili perc,1,2017-05-06,quantile,0.9,0.908619
2017-04-29,HHS Region 7,ili perc,1,2017-05-06,quantile,0.95,1.06369
2017-04-29,HHS Region 7,ili perc,1,2017-05-06,quantile,0.975,1.06369
2017-04-29,HHS Region 7,ili perc,1,2017-05-06,quantile,0.99,1.06369
2017-04-29,HHS Region 7,ili perc,2,2017-05-13,quantile,0.01,0.143621213335717
2017-04-29,HHS Region 7,ili perc,2,2017-05-13,quantile,0.025,0.143621213335717
2017-04-29,HHS Region 7,ili perc,2,2017-05-13,quantile,0.05,0.143621213335717
2017-04-29,HHS Region 7,ili perc,2,2017-05-13,quantile,0.1,0.374139719512858
2017-04-29,HHS Region 7,ili perc,2,2017-05-13,quantile,0.15,0.374139719512858
2017-04-29,HHS Region 7,ili perc,2,2017-05-13,quantile,0.2,0.457316880353293
2017-04-29,HHS Region 7,ili perc,2,2017-05-13,quantile,0.25,0.558647
2017-04-29,HHS Region 7,ili perc,2,2017-05-13,quantile,0.3,0.558647
2017-04-29,HHS Region 7,ili perc,2,2017-05-13,quantile,0.35,0.641965473082061
2017-04-29,HHS Region 7,ili perc,2,2017-05-13,quantile,0.4,0.643012
2017-04-29,HHS Region 7,ili perc,2,2017-05-13,quantile,0.45,0.664338
2017-04-29,HHS Region 7,ili perc,2,2017-05-13,quantile,0.5,0.664338
2017-04-29,HHS Region 7,ili perc,2,2017-05-13,quantile,0.55,0.704888
2017-04-29,HHS Region 7,ili perc,2,2017-05-13,quantile,0.6,0.769543
2017-04-29,HHS Region 7,ili perc,2,2017-05-13,quantile,0.65,0.769543
2017-04-29,HHS Region 7,ili perc,2,2017-05-13,quantile,0.7,0.798534775135898
2017-04-29,HHS Region 7,ili perc,2,2017-05-13,quantile,0.75,0.817134
2017-04-29,HHS Region 7,ili perc,2,2017-05-13,quantile,0.8,0.817134
2017-04-29,HHS Region 7,ili perc,2,2017-05-13,quantile,0.85,1.01384219167442
2017-04-29,HHS Region 7,ili perc,2,2017-05-13,quantile,0.9,1.01384219167442
2017-04-29,HHS Region 7,ili perc,2,2017-05-13,quantile,0.95,1.2175842588833
2017-04-29,HHS Region 7,ili perc,2,2017-05-13,quantile,0.975,1.2175842588833
2017-04-29,HHS Region 7,ili perc,2,2017-05-13,quantile,0.99,1.2175842588833
2017-04-29,HHS Region 7,ili perc,3,2017-05-20,quantile,0.01,0.114008411971991
2017-04-29,HHS Region 7,ili perc,3,2017-05-20,quantile,0.025,0.114008411971991
2017-04-29,HHS Region 7,ili perc,3,2017-05-20,quantile,0.05,0.114008411971991
2017-04-29,HHS Region 7,ili perc,3,2017-05-20,quantile,0.1,0.278903581742751
2017-04-29,HHS Region 7,ili perc,3,2017-05-20,quantile,0.15,0.278903581742751
2017-04-29,HHS Region 7,ili perc,3,2017-05-20,quantile,0.2,0.319489770793783
2017-04-29,HHS Region 7,ili perc,3,2017-05-20,quantile,0.25,0.408883240779059
2017-04-29,HHS Region 7,ili perc,3,2017-05-20,quantile,0.3,0.408883240779059
2017-04-29,HHS Region 7,ili perc,3,2017-05-20,quantile,0.35,0.47847
2017-04-29,HHS Region 7,ili perc,3,2017-05-20,quantile,0.4,0.47847
2017-04-29,HHS Region 7,ili perc,3,2017-05-20,quantile,0.45,0.517189
2017-04-29,HHS Region 7,ili perc,3,2017-05-20,quantile,0.5,0.537655
2017-04-29,HHS Region 7,ili perc,3,2017-05-20,quantile,0.55,0.537655
2017-04-29,HHS Region 7,ili perc,3,2017-05-20,quantile,0.6,0.59335
2017-04-29,HHS Region 7,ili perc,3,2017-05-20,quantile,0.65,0.603697
2017-04-29,HHS Region 7,ili perc,3,2017-05-20,quantile,0.7,0.603697
2017-04-29,HHS Region 7,ili perc,3,2017-05-20,quantile,0.75,0.683712870361948
2017-04-29,HHS Region 7,ili perc,3,2017-05-20,quantile,0.8,0.740348750661536
2017-04-29,HHS Region 7,ili perc,3,2017-05-20,quantile,0.85,0.740348750661536
2017-04-29,HHS Region 7,ili perc,3,2017-05-20,quantile,0.9,0.844882
2017-04-29,HHS Region 7,ili perc,3,2017-05-20,quantile,0.95,1.00758766035259
2017-04-29,HHS Region 7,ili perc,3,2017-05-20,quantile,0.975,1.00758766035259
2017-04-29,HHS Region 7,ili perc,3,2017-05-20,quantile,0.99,1.00758766035259
2017-04-29,HHS Region 7,ili perc,4,2017-05-27,quantile,0.01,0.0607218836993564
2017-04-29,HHS Region 7,ili perc,4,2017-05-27,quantile,0.025,0.0607218836993564
2017-04-29,HHS Region 7,ili perc,4,2017-05-27,quantile,0.05,0.0607218836993564
2017-04-29,HHS Region 7,ili perc,4,2017-05-27,quantile,0.1,0.222457016622395
2017-04-29,HHS Region 7,ili perc,4,2017-05-27,quantile,0.15,0.32297
2017-04-29,HHS Region 7,ili perc,4,2017-05-27,quantile,0.2,0.381480966304211
2017-04-29,HHS Region 7,ili perc,4,2017-05-27,quantile,0.25,0.381480966304211
2017-04-29,HHS Region 7,ili perc,4,2017-05-27,quantile,0.3,0.440619
2017-04-29,HHS Region 7,ili perc,4,2017-05-27,quantile,0.35,0.499311974125668
2017-04-29,HHS Region 7,ili perc,4,2017-05-27,quantile,0.4,0.499311974125668
2017-04-29,HHS Region 7,ili perc,4,2017-05-27,quantile,0.45,0.503571
2017-04-29,HHS Region 7,ili perc,4,2017-05-27,quantile,0.5,0.503571
2017-04-29,HHS Region 7,ili perc,4,2017-05-27,quantile,0.55,0.541853
2017-04-29,HHS Region 7,ili perc,4,2017-05-27,quantile,0.6,0.614542
2017-04-29,HHS Region 7,ili perc,4,2017-05-27,quantile,0.65,0.614542
2017-04-29,HHS Region 7,ili perc,4,2017-05-27,quantile,0.7,0.678537758696931
2017-04-29,HHS Region 7,ili perc,4,2017-05-27,quantile,0.75,0.729762
2017-04-29,HHS Region 7,ili perc,4,2017-05-27,quantile,0.8,0.729762
2017-04-29,HHS Region 7,ili perc,4,2017-05-27,quantile,0.85,0.791805583290137
2017-04-29,HHS Region 7,ili perc,4,2017-05-27,quantile,0.9,0.791805583290137
2017-04-29,HHS Region 7,ili perc,4,2017-05-27,quantile,0.95,0.956677596890669
2017-04-29,HHS Region 7,ili perc,4,2017-05-27,quantile,0.975,0.956677596890669
2017-04-29,HHS Region 7,ili perc,4,2017-05-27,quantile,0.99,0.956677596890669
2017-04-29,HHS Region 8,ili perc,1,2017-05-06,quantile,0.01,0.0994962881874976
2017-04-29,HHS Region 8,ili perc,1,2017-05-06,quantile,0.025,0.0994962881874976
2017-04-29,HHS Region 8,ili perc,1,2017-05-06,quantile,0.05,0.0994962881874976
2017-04-29,HHS Region 8,ili perc,1,2017-05-06,quantile,0.1,0.26712407028192
2017-04-29,HHS Region 8,ili perc,1,2017-05-06,quantile,0.15,0.3252299779991349
2017-04-29,HHS Region 8,ili perc,1,2017-05-06,quantile,0.2,0.335483961713938
2017-04-29,HHS Region 8,ili perc,1,2017-05-06,quantile,0.25,0.508552
2017-04-29,HHS Region 8,ili perc,1,2017-05-06,quantile,0.3,0.508552
2017-04-29,HHS Region 8,ili perc,1,2017-05-06,quantile,0.35,0.563336790334242
2017-04-29,HHS Region 8,ili perc,1,2017-05-06,quantile,0.4,0.570715083817753
2017-04-29,HHS Region 8,ili perc,1,2017-05-06,quantile,0.45,0.570715083817753
2017-04-29,HHS Region 8,ili perc,1,2017-05-06,quantile,0.5,0.620186771756533
2017-04-29,HHS Region 8,ili perc,1,2017-05-06,quantile,0.55,0.792352
2017-04-29,HHS Region 8,ili perc,1,2017-05-06,quantile,0.6,0.82461133927622
2017-04-29,HHS Region 8,ili perc,1,2017-05-06,quantile,0.65,0.82461133927622
2017-04-29,HHS Region 8,ili perc,1,2017-05-06,quantile,0.7,0.841189
2017-04-29,HHS Region 8,ili perc,1,2017-05-06,quantile,0.75,0.841189
2017-04-29,HHS Region 8,ili perc,1,2017-05-06,quantile,0.8,0.908343
2017-04-29,HHS Region 8,ili perc,1,2017-05-06,quantile,0.85,0.967427
2017-04-29,HHS Region 8,ili perc,1,2017-05-06,quantile,0.9,0.967427
2017-04-29,HHS Region 8,ili perc,1,2017-05-06,quantile,0.95,1.00405
2017-04-29,HHS Region 8,ili perc,1,2017-05-06,quantile,0.975,1.00405
2017-04-29,HHS Region 8,ili perc,1,2017-05-06,quantile,0.99,1.00405
2017-04-29,HHS Region 8,ili perc,2,2017-05-13,quantile,0.01,0.113613430743387
2017-04-29,HHS Region 8,ili perc,2,2017-05-13,quantile,0.025,0.113613430743387
2017-04-29,HHS Region 8,ili perc,2,2017-05-13,quantile,0.05,0.113613430743387
2017-04-29,HHS Region 8,ili perc,2,2017-05-13,quantile,0.1,0.246712517990188
2017-04-29,HHS Region 8,ili perc,2,2017-05-13,quantile,0.15,0.246712517990188
2017-04-29,HHS Region 8,ili perc,2,2017-05-13,quantile,0.2,0.251139277612119
2017-04-29,HHS Region 8,ili perc,2,2017-05-13,quantile,0.25,0.318112537778582
2017-04-29,HHS Region 8,ili perc,2,2017-05-13,quantile,0.3,0.318112537778582
2017-04-29,HHS Region 8,ili perc,2,2017-05-13,quantile,0.35,0.453815
2017-04-29,HHS Region 8,ili perc,2,2017-05-13,quantile,0.4,0.629227255604651
2017-04-29,HHS Region 8,ili perc,2,2017-05-13,quantile,0.45,0.629227255604651
2017-04-29,HHS Region 8,ili perc,2,2017-05-13,quantile,0.5,0.629662
2017-04-29,HHS Region 8,ili perc,2,2017-05-13,quantile,0.55,0.6620902285559
2017-04-29,HHS Region 8,ili perc,2,2017-05-13,quantile,0.6,0.6620902285559
2017-04-29,HHS Region 8,ili perc,2,2017-05-13,quantile,0.65,0.771157
2017-04-29,HHS Region 8,ili perc,2,2017-05-13,quantile,0.7,0.818413
2017-04-29,HHS Region 8,ili perc,2,2017-05-13,quantile,0.75,0.818413
2017-04-29,HHS Region 8,ili perc,2,2017-05-13,quantile,0.8,0.872971
2017-04-29,HHS Region 8,ili perc,2,2017-05-13,quantile,0.85,0.905202687095557
2017-04-29,HHS Region 8,ili perc,2,2017-05-13,quantile,0.9,0.905202687095557
2017-04-29,HHS Region 8,ili perc,2,2017-05-13,quantile,0.95,0.929267
2017-04-29,HHS Region 8,ili perc,2,2017-05-13,quantile,0.975,0.929267
2017-04-29,HHS Region 8,ili perc,2,2017-05-13,quantile,0.99,0.929267
2017-04-29,HHS Region 8,ili perc,3,2017-05-20,quantile,0.01,0.182939138625761
2017-04-29,HHS Region 8,ili perc,3,2017-05-20,quantile,0.025,0.182939138625761
2017-04-29,HHS Region 8,ili perc,3,2017-05-20,quantile,0.05,0.182939138625761
2017-04-29,HHS Region 8,ili perc,3,2017-05-20,quantile,0.1,0.186325050554172
2017-04-29,HHS Region 8,ili perc,3,2017-05-20,quantile,0.15,0.186325050554172
2017-04-29,HHS Region 8,ili perc,3,2017-05-20,quantile,0.2,0.354096276112021
2017-04-29,HHS Region 8,ili perc,3,2017-05-20,quantile,0.25,0.423738788799247
2017-04-29,HHS Region 8,ili perc,3,2017-05-20,quantile,0.3,0.423738788799247
2017-04-29,HHS Region 8,ili perc,3,2017-05-20,quantile,0.35,0.467729
2017-04-29,HHS Region 8,ili perc,3,2017-05-20,quantile,0.4,0.480526212674257
2017-04-29,HHS Region 8,ili perc,3,2017-05-20,quantile,0.45,0.512897264929697
2017-04-29,HHS Region 8,ili perc,3,2017-05-20,quantile,0.5,0.512897264929697
2017-04-29,HHS Region 8,ili perc,3,2017-05-20,quantile,0.55,0.59253040093785
2017-04-29,HHS Region 8,ili perc,3,2017-05-20,quantile,0.6,0.59253040093785
2017-04-29,HHS Region 8,ili perc,3,2017-05-20,quantile,0.65,0.656589
2017-04-29,HHS Region 8,ili perc,3,2017-05-20,quantile,0.7,0.678153
2017-04-29,HHS Region 8,ili perc,3,2017-05-20,quantile,0.75,0.678153
2017-04-29,HHS Region 8,ili perc,3,2017-05-20,quantile,0.8,0.738568
2017-04-29,HHS Region 8,ili perc,3,2017-05-20,quantile,0.85,0.73938
2017-04-29,HHS Region 8,ili perc,3,2017-05-20,quantile,0.9,0.73938
2017-04-29,HHS Region 8,ili perc,3,2017-05-20,quantile,0.95,0.80287
2017-04-29,HHS Region 8,ili perc,3,2017-05-20,quantile,0.975,0.80287
2017-04-29,HHS Region 8,ili perc,3,2017-05-20,quantile,0.99,0.80287
2017-04-29,HHS Region 8,ili perc,4,2017-05-27,quantile,0.01,0.0288517998484031
2017-04-29,HHS Region 8,ili perc,4,2017-05-27,quantile,0.025,0.0288517998484031
2017-04-29,HHS Region 8,ili perc,4,2017-05-27,quantile,0.05,0.0288517998484031
2017-04-29,HHS Region 8,ili perc,4,2017-05-27,quantile,0.1,0.196669916573276
2017-04-29,HHS Region 8,ili perc,4,2017-05-27,quantile,0.15,0.196669916573276
2017-04-29,HHS Region 8,ili perc,4,2017-05-27,quantile,0.2,0.25070137891850103
2017-04-29,HHS Region 8,ili perc,4,2017-05-27,quantile,0.25,0.25070137891850103
2017-04-29,HHS Region 8,ili perc,4,2017-05-27,quantile,0.3,0.267830734254974
2017-04-29,HHS Region 8,ili perc,4,2017-05-27,quantile,0.35,0.325896123382231
2017-04-29,HHS Region 8,ili perc,4,2017-05-27,quantile,0.4,0.325896123382231
2017-04-29,HHS Region 8,ili perc,4,2017-05-27,quantile,0.45,0.394367
2017-04-29,HHS Region 8,ili perc,4,2017-05-27,quantile,0.5,0.536054427611945
2017-04-29,HHS Region 8,ili perc,4,2017-05-27,quantile,0.55,0.555634
2017-04-29,HHS Region 8,ili perc,4,2017-05-27,quantile,0.6,0.555634
2017-04-29,HHS Region 8,ili perc,4,2017-05-27,quantile,0.65,0.601032
2017-04-29,HHS Region 8,ili perc,4,2017-05-27,quantile,0.7,0.601032
2017-04-29,HHS Region 8,ili perc,4,2017-05-27,quantile,0.75,0.620827
2017-04-29,HHS Region 8,ili perc,4,2017-05-27,quantile,0.8,0.645702649473769
2017-04-29,HHS Region 8,ili perc,4,2017-05-27,quantile,0.85,0.645702649473769
2017-04-29,HHS Region 8,ili perc,4,2017-05-27,quantile,0.9,0.73781
2017-04-29,HHS Region 8,ili perc,4,2017-05-27,quantile,0.95,0.784251
2017-04-29,HHS Region 8,ili perc,4,2017-05-27,quantile,0.975,0.784251
2017-04-29,HHS Region 8,ili perc,4,2017-05-27,quantile,0.99,0.784251
2017-04-29,HHS Region 9,ili perc,1,2017-05-06,quantile,0.01,0.390243160528126
2017-04-29,HHS Region 9,ili perc,1,2017-05-06,quantile,0.025,0.390243160528126
2017-04-29,HHS Region 9,ili perc,1,2017-05-06,quantile,0.05,0.390243160528126
2017-04-29,HHS Region 9,ili perc,1,2017-05-06,quantile,0.1,0.847752502211182
2017-04-29,HHS Region 9,ili perc,1,2017-05-06,quantile,0.15,0.847752502211182
2017-04-29,HHS Region 9,ili perc,1,2017-05-06,quantile,0.2,1.15062190561085
2017-04-29,HHS Region 9,ili perc,1,2017-05-06,quantile,0.25,1.15062190561085
2017-04-29,HHS Region 9,ili perc,1,2017-05-06,quantile,0.3,1.21379909695134
2017-04-29,HHS Region 9,ili perc,1,2017-05-06,quantile,0.35,1.61538
2017-04-29,HHS Region 9,ili perc,1,2017-05-06,quantile,0.4,1.63584
2017-04-29,HHS Region 9,ili perc,1,2017-05-06,quantile,0.45,1.63584
2017-04-29,HHS Region 9,ili perc,1,2017-05-06,quantile,0.5,1.79629
2017-04-29,HHS Region 9,ili perc,1,2017-05-06,quantile,0.55,1.79629
2017-04-29,HHS Region 9,ili perc,1,2017-05-06,quantile,0.6,1.88506559417112
2017-04-29,HHS Region 9,ili perc,1,2017-05-06,quantile,0.65,1.93387
2017-04-29,HHS Region 9,ili perc,1,2017-05-06,quantile,0.7,2.03221
2017-04-29,HHS Region 9,ili perc,1,2017-05-06,quantile,0.75,2.03221
2017-04-29,HHS Region 9,ili perc,1,2017-05-06,quantile,0.8,2.12065
2017-04-29,HHS Region 9,ili perc,1,2017-05-06,quantile,0.85,2.12065
2017-04-29,HHS Region 9,ili perc,1,2017-05-06,quantile,0.9,2.12537699123822
2017-04-29,HHS Region 9,ili perc,1,2017-05-06,quantile,0.95,5.30946083873548
2017-04-29,HHS Region 9,ili perc,1,2017-05-06,quantile,0.975,5.30946083873548
2017-04-29,HHS Region 9,ili perc,1,2017-05-06,quantile,0.99,5.30946083873548
2017-04-29,HHS Region 9,ili perc,2,2017-05-13,quantile,0.01,0.337467870603236
2017-04-29,HHS Region 9,ili perc,2,2017-05-13,quantile,0.025,0.337467870603236
2017-04-29,HHS Region 9,ili perc,2,2017-05-13,quantile,0.05,0.337467870603236
2017-04-29,HHS Region 9,ili perc,2,2017-05-13,quantile,0.1,0.727232478385898
2017-04-29,HHS Region 9,ili perc,2,2017-05-13,quantile,0.15,0.727232478385898
2017-04-29,HHS Region 9,ili perc,2,2017-05-13,quantile,0.2,0.976429104681549
2017-04-29,HHS Region 9,ili perc,2,2017-05-13,quantile,0.25,0.976429104681549
2017-04-29,HHS Region 9,ili perc,2,2017-05-13,quantile,0.3,1.17292548931257
2017-04-29,HHS Region 9,ili perc,2,2017-05-13,quantile,0.35,1.52741
2017-04-29,HHS Region 9,ili perc,2,2017-05-13,quantile,0.4,1.52741
2017-04-29,HHS Region 9,ili perc,2,2017-05-13,quantile,0.45,1.54832
2017-04-29,HHS Region 9,ili perc,2,2017-05-13,quantile,0.5,1.67282
2017-04-29,HHS Region 9,ili perc,2,2017-05-13,quantile,0.55,1.67282
2017-04-29,HHS Region 9,ili perc,2,2017-05-13,quantile,0.6,1.86598
2017-04-29,HHS Region 9,ili perc,2,2017-05-13,quantile,0.65,1.98364
2017-04-29,HHS Region 9,ili perc,2,2017-05-13,quantile,0.7,2.0071660806878766
2017-04-29,HHS Region 9,ili perc,2,2017-05-13,quantile,0.75,2.0620602689596
2017-04-29,HHS Region 9,ili perc,2,2017-05-13,quantile,0.8,2.09669
2017-04-29,HHS Region 9,ili perc,2,2017-05-13,quantile,0.85,2.09669
2017-04-29,HHS Region 9,ili perc,2,2017-05-13,quantile,0.9,2.26311471276469
2017-04-29,HHS Region 9,ili perc,2,2017-05-13,quantile,0.95,3.11935934085419
2017-04-29,HHS Region 9,ili perc,2,2017-05-13,quantile,0.975,3.11935934085419
2017-04-29,HHS Region 9,ili perc,2,2017-05-13,quantile,0.99,3.11935934085419
2017-04-29,HHS Region 9,ili perc,3,2017-05-20,quantile,0.01,0.448826447981649
2017-04-29,HHS Region 9,ili perc,3,2017-05-20,quantile,0.025,0.448826447981649
2017-04-29,HHS Region 9,ili perc,3,2017-05-20,quantile,0.05,0.448826447981649
2017-04-29,HHS Region 9,ili perc,3,2017-05-20,quantile,0.1,0.807716991385894
2017-04-29,HHS Region 9,ili perc,3,2017-05-20,quantile,0.15,0.96078504105572
2017-04-29,HHS Region 9,ili perc,3,2017-05-20,quantile,0.2,1.10139828500699
2017-04-29,HHS Region 9,ili perc,3,2017-05-20,quantile,0.25,1.10139828500699
2017-04-29,HHS Region 9,ili perc,3,2017-05-20,quantile,0.3,1.49464
2017-04-29,HHS Region 9,ili perc,3,2017-05-20,quantile,0.35,1.49464
2017-04-29,HHS Region 9,ili perc,3,2017-05-20,quantile,0.4,1.61454
2017-04-29,HHS Region 9,ili perc,3,2017-05-20,quantile,0.45,1.61454
2017-04-29,HHS Region 9,ili perc,3,2017-05-20,quantile,0.5,1.73996
2017-04-29,HHS Region 9,ili perc,3,2017-05-20,quantile,0.55,1.766323231377
2017-04-29,HHS Region 9,ili perc,3,2017-05-20,quantile,0.6,1.82117
2017-04-29,HHS Region 9,ili perc,3,2017-05-20,quantile,0.65,1.82117
2017-04-29,HHS Region 9,ili perc,3,2017-05-20,quantile,0.7,1.85652
2017-04-29,HHS Region 9,ili perc,3,2017-05-20,quantile,0.75,1.85652
2017-04-29,HHS Region 9,ili perc,3,2017-05-20,quantile,0.8,2.08041668702626
2017-04-29,HHS Region 9,ili perc,3,2017-05-20,quantile,0.85,2.09063
2017-04-29,HHS Region 9,ili perc,3,2017-05-20,quantile,0.9,2.09063
2017-04-29,HHS Region 9,ili perc,3,2017-05-20,quantile,0.95,2.65536279211429
2017-04-29,HHS Region 9,ili perc,3,2017-05-20,quantile,0.975,2.65536279211429
2017-04-29,HHS Region 9,ili perc,3,2017-05-20,quantile,0.99,2.65536279211429
2017-04-29,HHS Region 9,ili perc,4,2017-05-27,quantile,0.01,0.629094938872593
2017-04-29,HHS Region 9,ili perc,4,2017-05-27,quantile,0.025,0.629094938872593
2017-04-29,HHS Region 9,ili perc,4,2017-05-27,quantile,0.05,0.629094938872593
2017-04-29,HHS Region 9,ili perc,4,2017-05-27,quantile,0.1,0.772448286982262
2017-04-29,HHS Region 9,ili perc,4,2017-05-27,quantile,0.15,0.772448286982262
2017-04-29,HHS Region 9,ili perc,4,2017-05-27,quantile,0.2,0.943900205260604
2017-04-29,HHS Region 9,ili perc,4,2017-05-27,quantile,0.25,0.981442413344802
2017-04-29,HHS Region 9,ili perc,4,2017-05-27,quantile,0.3,0.981442413344802
2017-04-29,HHS Region 9,ili perc,4,2017-05-27,quantile,0.35,1.38824
2017-04-29,HHS Region 9,ili perc,4,2017-05-27,quantile,0.4,1.42814
2017-04-29,HHS Region 9,ili perc,4,2017-05-27,quantile,0.45,1.42814
2017-04-29,HHS Region 9,ili perc,4,2017-05-27,quantile,0.5,1.80521
2017-04-29,HHS Region 9,ili perc,4,2017-05-27,quantile,0.55,1.80889033741033
2017-04-29,HHS Region 9,ili perc,4,2017-05-27,quantile,0.6,1.80889033741033
2017-04-29,HHS Region 9,ili perc,4,2017-05-27,quantile,0.65,1.93795
2017-04-29,HHS Region 9,ili perc,4,2017-05-27,quantile,0.7,2.0089
2017-04-29,HHS Region 9,ili perc,4,2017-05-27,quantile,0.75,2.0089
2017-04-29,HHS Region 9,ili perc,4,2017-05-27,quantile,0.8,2.01055
2017-04-29,HHS Region 9,ili perc,4,2017-05-27,quantile,0.85,2.01055
2017-04-29,HHS Region 9,ili perc,4,2017-05-27,quantile,0.9,2.23124163038208
2017-04-29,HHS Region 9,ili perc,4,2017-05-27,quantile,0.95,2.40329927503873
2017-04-29,HHS Region 9,ili perc,4,2017-05-27,quantile,0.975,2.40329927503873
2017-04-29,HHS Region 9,ili perc,4,2017-05-27,quantile,0.99,2.40329927503873
2017-04-29,US National,ili perc,1,2017-05-06,quantile,0.01,0.569893715038825
2017-04-29,US National,ili perc,1,2017-05-06,quantile,0.025,0.569893715038825
2017-04-29,US National,ili perc,1,2017-05-06,quantile,0.05,0.569893715038825
2017-04-29,US National,ili perc,1,2017-05-06,quantile,0.1,0.877607227554611
2017-04-29,US National,ili perc,1,2017-05-06,quantile,0.15,0.877607227554611
2017-04-29,US National,ili perc,1,2017-05-06,quantile,0.2,0.984919500880424
2017-04-29,US National,ili perc,1,2017-05-06,quantile,0.25,1.06255175777012
2017-04-29,US National,ili perc,1,2017-05-06,quantile,0.3,1.06255175777012
2017-04-29,US National,ili perc,1,2017-05-06,quantile,0.35,1.08168511952067
2017-04-29,US National,ili perc,1,2017-05-06,quantile,0.4,1.09556
2017-04-29,US National,ili perc,1,2017-05-06,quantile,0.45,1.09556
2017-04-29,US National,ili perc,1,2017-05-06,quantile,0.5,1.14889
2017-04-29,US National,ili perc,1,2017-05-06,quantile,0.55,1.1531313384051194
2017-04-29,US National,ili perc,1,2017-05-06,quantile,0.6,1.15831519645582
2017-04-29,US National,ili perc,1,2017-05-06,quantile,0.65,1.29028
2017-04-29,US National,ili perc,1,2017-05-06,quantile,0.7,1.29028
2017-04-29,US National,ili perc,1,2017-05-06,quantile,0.75,1.39521
2017-04-29,US National,ili perc,1,2017-05-06,quantile,0.8,1.46265
2017-04-29,US National,ili perc,1,2017-05-06,quantile,0.85,1.46265
2017-04-29,US National,ili perc,1,2017-05-06,quantile,0.9,1.57635
2017-04-29,US National,ili perc,1,2017-05-06,quantile,0.95,2.74012331225323
2017-04-29,US National,ili perc,1,2017-05-06,quantile,0.975,2.74012331225323
2017-04-29,US National,ili perc,1,2017-05-06,quantile,0.99,2.74012331225323
2017-04-29,US National,ili perc,2,2017-05-13,quantile,0.01,0.591356768666246
2017-04-29,US National,ili perc,2,2017-05-13,quantile,0.025,0.591356768666246
2017-04-29,US National,ili perc,2,2017-05-13,quantile,0.05,0.591356768666246
2017-04-29,US National,ili perc,2,2017-05-13,quantile,0.1,0.825106625665561
2017-04-29,US National,ili perc,2,2017-05-13,quantile,0.15,0.825106625665561
2017-04-29,US National,ili perc,2,2017-05-13,quantile,0.2,1.0332476590855
2017-04-29,US National,ili perc,2,2017-05-13,quantile,0.25,1.03428423214495
2017-04-29,US National,ili perc,2,2017-05-13,quantile,0.3,1.03428423214495
2017-04-29,US National,ili perc,2,2017-05-13,quantile,0.35,1.08589
2017-04-29,US National,ili perc,2,2017-05-13,quantile,0.4,1.12194
2017-04-29,US National,ili perc,2,2017-05-13,quantile,0.45,1.12194
2017-04-29,US National,ili perc,2,2017-05-13,quantile,0.5,1.12497482672273
2017-04-29,US National,ili perc,2,2017-05-13,quantile,0.55,1.12497482672273
2017-04-29,US National,ili perc,2,2017-05-13,quantile,0.6,1.24900074402246
2017-04-29,US National,ili perc,2,2017-05-13,quantile,0.65,1.32522
2017-04-29,US National,ili perc,2,2017-05-13,quantile,0.7,1.32522
2017-04-29,US National,ili perc,2,2017-05-13,quantile,0.75,1.37388
2017-04-29,US National,ili perc,2,2017-05-13,quantile,0.8,1.38934
2017-04-29,US National,ili perc,2,2017-05-13,quantile,0.85,1.3935
2017-04-29,US National,ili perc,2,2017-05-13,quantile,0.9,1.3935
2017-04-29,US National,ili perc,2,2017-05-13,quantile,0.95,2.22391145123621
2017-04-29,US National,ili perc,2,2017-05-13,quantile,0.975,2.22391145123621
2017-04-29,US National,ili perc,2,2017-05-13,quantile,0.99,2.22391145123621
2017-04-29,US National,ili perc,3,2017-05-20,quantile,0.01,0.589043559956717
2017-04-29,US National,ili perc,3,2017-05-20,quantile,0.025,0.589043559956717
2017-04-29,US National,ili perc,3,2017-05-20,quantile,0.05,0.589043559956717
2017-04-29,US National,ili perc,3,2017-05-20,quantile,0.1,0.787314875112876
2017-04-29,US National,ili perc,3,2017-05-20,quantile,0.15,0.787314875112876
2017-04-29,US National,ili perc,3,2017-05-20,quantile,0.2,0.926649487991465
2017-04-29,US National,ili perc,3,2017-05-20,quantile,0.25,1.01790987567817
2017-04-29,US National,ili perc,3,2017-05-20,quantile,0.3,1.01790987567817
2017-04-29,US National,ili perc,3,2017-05-20,quantile,0.35,1.0619697897527
2017-04-29,US National,ili perc,3,2017-05-20,quantile,0.4,1.06712
2017-04-29,US National,ili perc,3,2017-05-20,quantile,0.45,1.06712
2017-04-29,US National,ili perc,3,2017-05-20,quantile,0.5,1.07343
2017-04-29,US National,ili perc,3,2017-05-20,quantile,0.55,1.16887834051687
2017-04-29,US National,ili perc,3,2017-05-20,quantile,0.6,1.23059
2017-04-29,US National,ili perc,3,2017-05-20,quantile,0.65,1.23059
2017-04-29,US National,ili perc,3,2017-05-20,quantile,0.7,1.29941
2017-04-29,US National,ili perc,3,2017-05-20,quantile,0.75,1.34208
2017-04-29,US National,ili perc,3,2017-05-20,quantile,0.8,1.34208
2017-04-29,US National,ili perc,3,2017-05-20,quantile,0.85,1.3468
2017-04-29,US National,ili perc,3,2017-05-20,quantile,0.9,1.3468
2017-04-29,US National,ili perc,3,2017-05-20,quantile,0.95,1.76656838942395
2017-04-29,US National,ili perc,3,2017-05-20,quantile,0.975,1.76656838942395
2017-04-29,US National,ili perc,3,2017-05-20,quantile,0.99,1.76656838942395
2017-04-29,US National,ili perc,4,2017-05-27,quantile,0.01,0.678640493481165
2017-04-29,US National,ili perc,4,2017-05-27,quantile,0.025,0.678640493481165
2017-04-29,US National,ili perc,4,2017-05-27,quantile,0.05,0.678640493481165
2017-04-29,US National,ili perc,4,2017-05-27,quantile,0.1,0.805438572693894
2017-04-29,US National,ili perc,4,2017-05-27,quantile,0.15,0.805438572693894
2017-04-29,US National,ili perc,4,2017-05-27,quantile,0.2,0.918150851577594
2017-04-29,US National,ili perc,4,2017-05-27,quantile,0.25,0.920100404689537
2017-04-29,US National,ili perc,4,2017-05-27,quantile,0.3,0.920100404689537
2017-04-29,US National,ili perc,4,2017-05-27,quantile,0.35,1.01677
2017-04-29,US National,ili perc,4,2017-05-27,quantile,0.4,1.05058
2017-04-29,US National,ili perc,4,2017-05-27,quantile,0.45,1.05058
2017-04-29,US National,ili perc,4,2017-05-27,quantile,0.5,1.07887841848831
2017-04-29,US National,ili perc,4,2017-05-27,quantile,0.55,1.08908766932167
2017-04-29,US National,ili perc,4,2017-05-27,quantile,0.6,1.08908766932167
2017-04-29,US National,ili perc,4,2017-05-27,quantile,0.65,1.18379
2017-04-29,US National,ili perc,4,2017-05-27,quantile,0.7,1.18379
2017-04-29,US National,ili perc,4,2017-05-27,quantile,0.75,1.23028
2017-04-29,US National,ili perc,4,2017-05-27,quantile,0.8,1.25452
2017-04-29,US National,ili perc,4,2017-05-27,quantile,0.85,1.25452
2017-04-29,US National,ili perc,4,2017-05-27,quantile,0.9,1.34563
2017-04-29,US National,ili perc,4,2017-05-27,quantile,0.95,1.92170567241312
2017-04-29,US National,ili perc,4,2017-05-27,quantile,0.975,1.92170567241312
2017-04-29,US National,ili perc,4,2017-05-27,quantile,0.99,1.92170567241312
